Sr. No.,Date(dd/mm/yyyy),Startup Name,Industry/ Vertical,Sub-Vertical,City / Location,Investors’ Name,Invest-mentType,Amount (in USD)
1,01/4/2016,Dil Mil,Consumer Internet,Matchmaking Mobile App,SFO / Bangalore,"Nelstone Ventures, Transmedia Capital, Maiden Lane Ventures, CSC Upshot & Angel investors",Private Equity,"2,700,000"
2,01/4/2016,PicsDream,Consumer Internet,Online Marketplace for Photographers,Delhi,Raman Roy,Seed Funding,N/A
3,01/4/2016,Process 9,Consumer Internet,online translation and transliteration,Gurgaon,"Indian Angel Network, Alok Sharma, Kris Gopalakrishnan, Saurabh Srivastava, and Ajai Chowdhry",Seed Funding,N/A
4,04/4/2016,Housing,Consumer Internet,Real Estate Portal,Mumbai,Vineet Singh,Private Equity,N/A
5,04/4/2016,Roll Mafia,Food & Beverage,Rolls & Biryanis QSR chain,Pune,Equentia Natural Resource & Other undisclosed investors,Seed Funding,N/A
6,04/4/2016,Hungama,Consumer Internet,Digital Media Entertainment Portal,Mumbai,Xiaomi Inc,Private Equity,"25,000,000"
7,04/4/2016,Highway Delite,Consumer Internet,Various Highway Help Services,Bangalore,N.S. Raghavan Centre for Entrepreneurial Learning,Seed Funding,N/A
8,05/4/2016,Cult Fitness,Healthcare,Healthcare training programs,Bangalore,Mukesh Bansal,Seed Funding,N/A
9,05/4/2016,Haptik,Technology,Personal Assistant App,Mumbai,Times Internet Ltd,Private Equity,N/A
10,05/4/2016,Servify,Consumer Internet,Gadget & Appliances Service App,Mumbai,"Blume Ventures, Barkawi Holdings GmbH, TM Service Technology Holdings GmbH",Private Equity,N/A
11,06/4/2016,Shipsy,Logistics,Logistics Solutions,Gurgaon,DTDC Express Ltd,Private Equity,"1,000,000"
12,06/4/2016,gear6,Consumer Internet,Online bike service and repairs platform,Bangalore,Ninestarter,Seed Funding,"500,000"
13,06/4/2016,MyGlamm,Consumer Internet,Mobile based on-demand Beauty Services platform,Mumbai,L’Occitane,Private Equity,"6,000,000"
14,06/4/2016,Petoo,Consumer Internet,Online Food Delivery Platform,Bangalore,Axilor Ventures,Private Equity,"1,000,000"
15,07/4/2016,Truly Social,Consumer Internet,Mobile Gaming Studio,London,Nazara Technologies Pvt Ltd,Private Equity,N/A
16,08/04/2016,Little Black Book,Consumer Internet,"Curated Food, event & Lifestyle guide",New Delhi,"IDG, Indian Angel Network",Seed Funding,N/A
17,08/04/2016,Vahan,Education,Mobile Education Platform,Chennai,Villgro,Seed Funding,N/A
18,08/04/2016,imedilane,Consumer Internet,Online Health Diagnosis platform,New Delhi,"Mahendra Patel, Nilender Chauhan",Seed Funding,"40,000"
19,11/04/2016,Living Local,Consumer Internet,Social discovery platform,Mumbai,Rattan Chadha,Seed Funding,"200,000"
20,11/04/2016,Vegfru,eCommerce,Online Fruit & Vegetable Marketplace,New Delhi,Wingify,Seed Funding,N/A
21,11/04/2016,Oyo,Consumer Internet,Online Branded Budget Room Booking Service,New Delhi,"Softbank, Sequoia Capital, Lightspeed Venture Partners, Greenoaks Capital, DSG Consumer Partners and Venture Nursery",Private Equity,"100,000,000"
22,11/04/2016,PriceRaja,Consumer Internet,Price Comparison Portal,Gurgaon,Prashant Puri,Seed Funding,"300,000"
23,12/04/2016,MagicX,Consumer Internet,On-Demand Task Management App,Bangalore,"Kris Gopalakrishnan, Dr. Ranjan Pai",Seed Funding,"1,000,000"
24,12/04/2016,Happydemic,Consumer Internet,Artist Discovery & Booking platform,Mumbai,Shaan,Seed Funding,N/A
25,12/04/2016,LenDenClub,Finance,Peer-to-Peer Lending Platform,Mumbai,"Anirudh Damani, Daud Ali, Narendra Karnavat, Vikas Kapoor, Vikram Lakhotia, Krishna Jhunjhunwaala, Jayesh Shah",Seed Funding,N/A
26,12/04/2016,Indi.com,Consumer Internet,Video Social Network,N/A,Anil Kapoor,Seed Funding,N/A
27,13/04/2016,Legalraasta,Consumer Internet,Online legal Services for Startups,New Delhi,"Pravin Khandelwal, Yatin Kumar Jain",Seed Funding,"1,000,000"
28,13/04/2016,RainCan,Consumer Internet,Subscription-based grocery delivery Mobile App,Pune,Dr. Aniruddha Malpani,Seed Funding,"150,000"
29,13/04/2016,Hippily,eCommerce,Fashion ECommerce App,Mumbai,"Dr. Sridhar Ramaswamy, Rakesh Mathur",Seed Funding,"250,000"
30,13/04/2016,kredX,eCommerce,Invoice discounting  Marketplace,Bangalore,"Prime Venture Partners,",Seed Funding,"750,000"
31,14/04/2016,Wedwise,Consumer Internet,Wedding related services community,New Delhi,StartUp Equity Partners,Seed Funding,N/A
32,14/04/2016,BeaconsTalk,Technology,contextual mobile advertising,Mumbai,"Rajeev Agrawal, Prashant Gooty",Seed Funding,"100,000"
33,15/04/2016,Deal 4Loans,Consumer Internet,Loan Comparison Portal,Noida,"Ram Shriram, Neeraj Arora, Puru Vashishtha",Seed Funding,N/A
34,15/04/2016,RenewBuy,Consumer Internet,Online Car & Bike Insurance Comparison portal,New Delhi,Mount Nathan Advisors,Seed Funding,"1,000,000"
35,15/04/2016,Blue Box Media,Consumer Internet,Online Tech Portals,Jaipur,"Mahavir Pratap Sharma, Ajay Data, Yogesh Chaudhary, Sanjay Phophaliya, Siddharth Agarwal, Kamal Kothari",Seed Funding,N/A
36,15/04/2016,Vyomo,Consumer Internet,On-Demand Beauty Service provider,New Delhi,Naturals Salon Chain,Private Equity,"15,000,000"
37,15/04/2016,Organicshop,eCommerce,Marketplace for organic products,Jaipur,"Vivek Nathani, Yogesh Chaudhary, Mahavir Pratap Sharma, Kamal Kothari, H C Jain",Seed Funding,N/A
38,15/04/2016,MInd Your Fleet,Consumer Internet,Car Rental Software,Noida,Undisclosed Investors,Seed Funding,N/A
39,15/04/2016,NestAway,Consumer Internet,Furnished Home Rental Platform,Bangalore,Tiger Global,Private Equity,"30,000,000"
40,15/04/2016,Tapchief,Consumer Internet,Expert Advice Platform,Bangalore,Vijay Shekhar Sharma,Seed Funding,"150,000"
41,18/04/2016,Rapido,Consumer Internet,Bike Aggregator App,Bangalore,"Pawan Munjal, AdvantEdge Partners, Astarc Ventures",Private Equity,N/A
42,18/04/2016,Yufta,eCommerce,Women’s Fashion ECommerce Portal,Bangalore,Ajay Data & other HNIs,Seed Funding,N/A
43,18/04/2016,Smytten,eCommerce,Online Discovery and Shopping Platform,Gurgaon,Rajan Anandan,Seed Funding,N/A
44,18/04/2016,Houssup,Consumer Internet,interior design and home furnishing portal,Jaipur,"Mitin Patel, Gaurav Agarwal",Seed Funding,N/A
45,18/04/2016,Jugnoo,Consumer Internet,On-demand Delivery & Logistics platform,Chandigarh,Paytm & existing investors,Private Equity,"10,000,000"
46,18/04/2016,Tork Motocycles,Auto,Electric Motorcycle Manufacturer,Pune,"Bhavish Aggarwal, Ankit Bhati",Seed Funding,N/A
47,19/04/2016,Betaout,eCommerce,customer intelligence and marketing automation platform,Noida,"Stanford Angels, LetsVenture, Chennai Angels, Hyderabad Angels, Mumbai Angels",Private Equity,"1,500,000"
48,19/04/2016,DriversCart,Consumer Internet,on-demand chauffeur provider,Chennai,ah! Ventures,Seed Funding,"450,000"
49,19/04/2016,LensKart,eCommerce,Eyewear etailing platform,New Delhi,Ratan Tata,Private Equity,N/A
50,19/04/2016,CollegeDekho,Consumer Internet,College & Student information platform,New Delhi,Man Capital,Private Equity,"2,000,000"
51,19/04/2016,OYOfit,Consumer Internet,Fitness Services Aggregator platform,Bangalore,RN Agarwal,Seed Funding,N/A
52,19/04/2016,Oliveboard,Consumer Internet,Online exam practice & preparation platform,Bangalore,India Educational Investment Fund,Private Equity,N/A
53,19/04/2016,Simplilearn,Consumer Internet,Online certification platform,Bangalore,Brand Capital,Private Equity,N/A
54,20/04/2016,1mg,eCommerce,Online Pharmacy,Gurgaon,"Maverick Capital Ventures, Sequoia Capital, Omidyar Network",Private Equity,"15,000,000"
55,20/04/2016,Fashalot,Consumer Internet,Fashion and Store discovery mobile app,New Delhi,"YourNest Angel Fund, Rajul Garg",Seed Funding,N/A
56,20/04/2016,Broomberg,Consumer Internet,Cleaning Services Provider,New Delhi,Undisclosed Angel investors & HNIs,Seed Funding,N/A
57,21/04/2016,m.paani,Consumer Internet,Loyalty rewards platform,Mumbai,"Blume Ventures, Adil Allana, Aprameya Radhakrishna, Gautam Ivatury, Signal Point Partners",Seed Funding,N/A
58,21/04/2016,Yufta,eCommerce,hyperlocal fashion retail platform,Jaipur,Ajay Data & undisclosed HNIs,Seed Funding,N/A
59,21/04/2016,mishTag,Consumer Internet,"Style, Fashion Discovery Mobile app",New Delhi,"M&Y Partners, SVG Media, Anthil Ventures & others",Seed Funding,N/A
60,21/04/2016,Advanced Structures India,Auto,Automotive Design and Engineering company,Bangalore,GirnarSoft,Private Equity,N/A
61,22/04/2016,Licious,eCommerce,Mobile based Meat ordering App,Bangalore,Mayfield India II Management Ltd,Private Equity,"3,000,000"
62,22/04/2016,Knolskae,Consumer Internet,Educational Gamification & Simulation platform,Bangalore,"Inventus Capital Partners, HR Fund",Private Equity,N/A
63,22/04/2016,Druva,Technology,Converged Backup & Data Protection Solutions for Enterprises,Pune,"NTT Finance, Telephone Corporation",Private Equity,N/A
64,22/04/2016,TOKO Innovation Studios,Consumer Internet,Children’s Entertainment Games & Products,New Delhi,Indian Angel network,Seed Funding,"450,000"
65,25/04/2016,Commut,Consumer Internet,Shuttle Service Provider,Hyderabad,50K Ventures,Seed Funding,"200,000"
66,25/04/2016,intouchapp,Consumer Internet,Contact Management Mobile App,Pune,Blume Ventures,Seed Funding,N/A
67,25/04/2016,Dropkaffe,Food & Beverage,Ready-to-Drink Beverage Producer,Bangalore,"GrowthStory, Apurva Salapuria, Hitesh Oberoi, Sidharth Pansari, Nirupa Shankar",Seed Funding,"550,000"
68,26/04/2016,Transerv,Consumer Internet,Digital Payments platform,Mumbai,"IDFC SPICE Fund, Micromax Informatics",Private Equity,"15,000,000"
69,26/04/2016,ClearTax,Consumer Internet,Online filing of Tax returns,Bangalore,"Max Levchin, Scott Banister",Private Equity,"1,300,000"
70,26/04/2016,Roposo,eCommerce,Social Fashion ECommerce Discovery platform,Gurgaon,Bertelsmann India Investments,Private Equity,"15,000,000"
71,27/04/2016,MilkBasket,Consumer Internet,Micro Grocery Delivery Platform,Gurgaon,EVC Ventures,Seed Funding,"500,000"
72,27/04/2016,CareonGO,Consumer Internet,Online Pharmacy,,"Farooq Oomerbhoy, Anupam Mittal, Anand Mittal, Ravi Garikipati, Vibhu Garg, Singapore Angel Network, Konglo Ventures",Seed Funding,N/A
73,27/04/2016,RailYatri,Consumer Internet,Train Related Information portal,Noida,"Nandan Nilekani, Helion Ventures, Omidyar Networks, Blume Ventures",Private Equity,N/A
74,27/04/2016,ICHR,Consumer Internet,Mobile based Children health Information app,New Delhi,Undisclosed,Seed Funding,"450,000"
75,27/04/2016,Murgency,Consumer Internet,Medical Emergency Response App,Mumbai,Axilor Ventures,Private Equity,N/A
76,28/04/2016,The Wedding Brigade,Consumer Internet,Online Wedding Information Portal,Mumbai,Blume Ventures & Other unnamed Investors,Seed Funding,"600,000"
77,28/04/2016,DocsApp,Consumer Internet,Online Doctor Discovery & Chat platform,Bangalore,"Rebright Partners, Anand Rajaraman, Venky Harinarayan",Private Equity,"1,200,000"
78,29/04/2016,Impact Guru,Consumer Internet,Online Crowdfunding platform for NGOs & Social Projects,Mumbai,"RB Investments, Fundnel",Seed Funding,"500,000"
79,29/04/2016,LetReach,eCommerce,ECommerce SAAS Solutions,New Delhi,vCommission,Private Equity,"100,000"
80,29/04/2016,,,,,,,
81,,,,,,,,
