Sr. No.,Date(dd/mm/yyyy),Startup Name,Industry Vertical,City / Location,Investors’ Name,InvestmentType,Amount (in USD),Remarks
1,01/12/2015,CollegeDekho,Online Education Information platform,Jaipur,GirnarSoft,Seed Funding,"1,000,000",
2,01/12/2015,Black White Orange Brands,Brand Licensing Startup,Mumbai,YouWeCan Ventures,Seed Funding,N/A,
3,01/12/2015,Biteclub,Gourmet Food Discovery & Delivery platform,Gurgaon,growX ventures,Private Equity,N/A,Pre-Series A
4,01/12/2015,Patel Logistics,Transportation & Logistics Platform,Mumbai,Frontline Strategy,Private Equity,"5,600,000",N/A
5,01/12/2015,Wigzo,Enterprise Marketing Automation platform,New Delhi,"Aarin Capital Partners, TV Mohandas Pai",Seed Funding,"500,000",Pre-Series A
6,01/12/2015,Zapluk,"Health, Wellness & Beauty Services App",Hyderabad,N/A,Seed Funding,N/A,
7,01/12/2015,Godof Hospitals,Digital Healthcare,New Delhi,Pankaj Gupta,Seed Funding,"2,000,000",
8,02/12/2015,RoomsTonite,Last Minute Hotel Booking App,Bangalore,"Lashit Sanghvi, Nikhil Vora, Venkat Vardhan,Mohammed Bin Abdul Rehman Al Khalifa,  Ralph Berezan, Vissal Mathew,  Balamurali Krishna",Seed Funding,"1,500,000",
9,02/12/2015,Kaaryah,Womens Fashion Wear Portal,New Delhi,"The Saha Fund, TV Mohandas Pai",Private Equity,N/A,Pre-Series A
10,03/12/2015,Anakage,Product Learning platform,Bangalore,CIO Angel Network (CAN),Seed Funding,N/A,
11,03/12/2015,EasyKhaana,Online Food ordering & Delivery platform,New Delhi,Undisclosed investors,Seed Funding,"100,000",
12,03/12/2015,Shuttl,App based Bus Pooling Services,Gurgaon,"Sequoia Capital, Times Internet Ltd & One more Fund",Private Equity,"20,000,000",Series B
13,03/12/2015,Eckovation,Social Learning Platform,New Delhi,Chandigarh Angel Network (CAN),Seed Funding,N/A,
14,03/12/2015,Fitcircle,Social Fitness platform,Mumbai,Beerud Sheth and Ravi Mantha,Seed Funding,N/A,Pre-Series A
15,04/12/2015,Applop,On Demand Mobile app developer,Kolkata,GHV Accelerator,Seed Funding,"100,000",
16,04/12/2015,CaRPM,Car Maintenance & Management mobile app,Gurgaon,GHV Accelerator,Seed Funding,"100,000",
17,04/12/2015,NDTV Wedding portal,Online Wedding Marketplace,New Delhi,CerraCap,Private Equity,"20,000,000",Series A
18,04/12/2015,Splitkart,Splitting Bills Mobile App,New Delhi,"Rajesh Sawhney, Anupam Mittal, Dinesh Agarwal, Gaurav Gupta,",Seed Funding,N/A,
19,07/12/2015,Zenatix,IOT Energy Management Analytics platform,Gurgaon,Blume Ventures,Private Equity,N/A,Pre-Series A
20,07/12/2015,Customfurnish,Custom Made furniture e-tailer,Hyderabad,Agnus Capital,Private Equity,"4,500,000",Series A
21,07/12/2015,Faasos,QSR Chain,Pune,"ru-Net, Sequoia Capital,  Lightbox Ventures",Private Equity,"30,000,000",Series C
22,07/12/2015,Vlurn,eLearning platform,Mumbai,Vidyadhar Sarfare,Seed Funding,N/A,
23,07/12/2015,Leaf Wearables,Smart Safety Wearable Devices,New Delhi,"Ajeet Khurana Jinesh Shah, Vikram Chachra, Dr. Aniruddha Malpani",Seed Funding,"250,000",
24,07/12/2015,Coolshare,Cab Sharing service Mobile app,Mumbai,Gopal Aggarwal,Seed Funding,"100,000",
25,08/12/2015,mFicient,Cloud Enterprise Mobility Platform,New Delhi,Undisclosed investors,Seed Funding,N/A,
26,08/12/2015,HeyBiz,Online Shopping Assistant Mobile app,New Delhi,Shopclues,Seed Funding,N/A,Strategic Funding
27,08/12/2015,Yumist,Home Cooked Food Order & Delivery platform,Gurgaon,"Unilazer Ventures, Orios Venture Partners, Steven Lurie",Private Equity,"2,000,000",Series A
28,09/12/2015,Jigsaw Academy,Online School for Analytics learning,Bangalore,Manipal Global Education Services,Private Equity,"3,000,000",Series A
29,09/12/2015,JoeHukum,Chat based personal Assistant App,Gurgaon,"TracxnLabs, Jitendra Gupta, Prashant Tandon",Seed Funding,N/A,
30,09/12/2015,Voxweb,Picture creation & Social mobile app,Mumbai,Undisclosed Investor,Seed Funding,"350,000",
31,09/12/2015,Aye Finance,Nonbanking finance company,New Delhi,"SAIF Partners, Accion",Private Equity,"3,000,000",Series B
32,09/12/2015,JumboBasket,eCommerce returns etailer,Chandigarh,Chandigarh Angels Network,Seed Funding,N/A,
33,10/12/2015,BlackBuck,Online Freight Services Aggregator,Bangalore,"Tiger Global Management, Yuri Milner, Apoletto, Accel Partners, Flipkart",Private Equity,"25,000,000",Series B
34,10/12/2015,HomeStudio,Online Branded Furniture etailer,Bangalore,Bren Corporation,Private Equity,"5,000,000",Series A
35,10/12/2015,PropheSee,Digital Analytics Platform,New Delhi,"Indian Angel Network, Stanford Angels, Entrepreneurs India",Seed Funding,"500,000",
36,10/12/2015,i2e1,Internet Network Infrastructure Services,New Delhi,GrowX Ventures,Seed Funding,"500,000",
37,10/12/2015,Holisol Logistics,Supply Chain & Logistics Solutions,New Delhi,CLSA Capital Partners ARIA IV Funds,Private Equity,"10,000,000",N/A
38,10/12/2015,Stay Simple Resorts,Holiday Resort Chain,Bangalore,"Mr. Sudhir & Ms. Shalini Sethi, Mr. Praveen Someshwar",Seed Funding,N/A,
39,10/12/2015,Paynear,Mobile Point of Sale solutions,Hyderabad,Mitesh Majithia,Private Equity,"2,500,000",Pre-Series A
40,10/12/2015,Chillr,Peer-to-Peer Money Transfer & Recharge App,Mumbai,"Sequoia Capital, Blume Ventures, Uniqorn Ventures and other",Private Equity,"7,000,0000",Series A
41,11/12/2015,EureQa,Test Automation SAAS platform,Hyderabad/USA,"Sashi Reddi, Gabriel Investments",Seed Funding,"600,000",
42,11/12/2015,LocalCircles,Citizens Engagement Platform,Noida,Anand Mahindra,Private Equity,N/A,N/A
43,11/12/2015,GetFocus,Indoor Navigation & Analytics Solutions,Mumbai,Undisclosed investors,Seed Funding,N/A,
44,11/12/2015,UrbanClap,Hyperlocal On-Demand Household Services platform,Gurgaon,Ratan Tata,Private Equity,N/A,N/A
45,11/12/2015,OnlineRTI,Online RTI application services,Bangalore,"LetsVenture, Mohandas Pai",Seed Funding,"150,000",
46,11/12/2015,Powerstores,ECommerce Website Creation SAAS platform,Goa,Extreme Venture Partners  William Bissell,Seed Funding,N/A,
47,11/12/2015,Weddingz.in,Wedding Venues & Vendors Marketplace,Mumbai,"Rajan Anandan, Zoya Akhtar, Reema Kagati, Ruchi Narain, Amrish Kumar, Hrishikesh Parandekar",Seed Funding,"1,000,000",
48,11/12/2015,Intelligent Interfaces,Interface development platform for Government officials,Bangalore,"Sachin Bansal, Binny Bansal",Seed Funding,N/A,Yet to Launch platform
49,14/12/2015,Capricoast,Modular Furnishings Marketplace,Bangalore,"Accel Partners India, RB Investments",Private Equity,"3,500,000",Series A
50,14/12/2015,JetSetGo,Private Jet Bookings Marketplace,Bangalore,Puneet Dalmia,Private Equity,N/A,N/A
51,14/12/2015,Cabsguru,Cab search Comparison & Booking platform,New Delhi,Prashanth Ranganathan,Seed Funding,"200,000",
52,14/12/2015,Whoop,Performance Optimization Platform for athletes,Boston,Infosys,Private Equity,"3,000,000",Series A
53,15/12/2015,BookEventz,Event Venue Booking Platform,Mumbai,"Mumbai Angels, Singapore Angel Network, Zishaan Hayath",Seed Funding,N/A,
54,15/12/2015,Deal Street Asia,Digital Media Platform,Singapore,"Vijay Shekhar Sharma, Singapore Angels Network",Seed Funding,N/A,
55,15/12/2015,Streamoid,visual search and discovery platform,Bangalore / Palo Alto,Undisclosed,Seed Funding,"1,000,000",
56,16/12/2015,Housejoy,Home services marketplace,Bangalore,"Amazon, Vertex Ventures, Qualcomm, Ru-Net Technology Partners, Matrix Partners",Private Equity,"22,500,000",Series B
57,16/12/2015,Bluebirch,End to End reverse logistics Solution platform,Bangalore,"Chicago Capital Ventures, Sanjay Mehta, Others",Seed Funding,"2,000,000",
58,16/12/2015,MeraDoctor,Virtual Health consultation app,Mumbai,Unilazer,Private Equity,"1,200,000",Pre-Series A
59,16/12/2015,STAGE 3,Online Renting platform,New Delhi,"Nisha Sharma, Puneet Dalmia, Balaji Prabhakar",Seed Funding,N/A,
60,17/12/2015,Rivigo,Logistics Services Provider,Gurgaon,SAIF Partners and others,Private Equity,"30,000,000",Series B (includes Debt financing)
61,17/12/2015,Springboard,Data Science & UX design Learning platform,Bangalore,"Allen Blue, John Katzman, Naveen Tewari, Kartik Hosanagar, Kashyap Deorah, 500 Startups, Blue Fog Capital",Seed Funding,"1,700,000",
62,17/12/2015,Eatfresh,Online marketplace for Chef Meals,Bangalore,Kalaari Capital,Private Equity,N/A,N/A
63,18/12/2015,Ampere Vehicles,Electric Bike Manufacturers,Coimbatore,Kris Gopalakrishnan & Others,Seed Funding,"1,200,000",
64,18/12/2015,Focus Digit,ECommerce platform solutions,New Delhi,Turning Ideas,Seed Funding,N/A,
65,18/12/2015,The News Minute,Online Media Publication,Bangalore,Quintillion Media,Seed Funding,N/A,
66,18/12/2015,CBREX,International Hiring Platform,Mumbai / NY,"Prahlad Rao, Sundara Rajan, Vikram Chachra",Seed Funding,"200,000",
67,21/12/2015,TruckMandi,Logistics Service Provider Marketplace,New Delhi,"Ritesh Dwivedy, Ramakant Sharma, Mount Nathan Advisors",Private Equity,"2,000,000",Pre-Series A
68,21/12/2015,Peppertap,Hyperlocal  Grocery Delivery Service,Gurgaon,Innoven Capital,Private Equity,"4,000,000",part of $40M Series B round
69,21/12/2015,KOOH Sports,Sports Education Platform,Mumbai,"TCS, HDFC, Faering Capital, Elevate Sports",Private Equity,"2,000,000",Series A
70,22/12/2015,RentOnGo,"Bike, Appliances Renting marketplace",Bangalore,"Anand Chandrasekaran, Rajesh Sawhney, Kalpana Tatavarti, Shivanandan Pare",Seed Funding,N/A,
71,22/12/2015,Industrybuying,Online Marketplace for Industrial Goods,New Delhi,"Murugappa Group, TVS Group, Vellayan Subbiah, Arathi Krishna, Arun Venkatachalam",Seed Funding,N/A,
72,22/12/2015,Zapr,Reward points mobile app,Gurgaon,Dinesh Agarwal,Seed Funding,N/A,
73,22/12/2015,LatestOne,Mobile accessories online store,Hyderabad,Palred Technologies Ltd,Private Equity,"3,000,000",Additional investment from parent company
74,22/12/2015,PlanetGogo,Content Discovery & reward points platform,Gurgaon,HT Digital Media Holdings Ltd,Seed Funding,N/A,
75,22/12/2015,Arya.ai,Artificial Intelligence platform,Mumbai,"YourNest Angel Fund, Venture Nursery",Private Equity,"750,000",Series A
76,22/12/2015,Doctor Insta,Medical Consultation & Doctor appointment booking platform,Gurgaon,"Rishi Parti, BrahmaX Ventures",Private Equity,"500,000",pre-Series A
77,22/12/2015,MobieFit,Mobile Fitness App,Goa,Medi Assist,Private Equity,"1,000,000",Strategic Investment
78,23/12/2015,LafaLafa,"Digital Coupons, Deal & Cashback aggregator app",Mumbai,Vectr Ventures,Private Equity,N/A,N/A
79,23/12/2015,Mech Mocha,Mobile Game development & Design platform,Bangalore,"Blume Ventures, Flipkart",Seed Funding,"1,000,000",
80,23/12/2015,Shotang.com,B2B eCommerce Marketplace,Bangalore,"Exfinity Venture Partners, Unitus Impact Livelihoods Fund",Private Equity,"5,000,000",Series A
81,23/12/2015,CityFurnish,Furniture and appliances rental platform,Gurgaon,Jitendra Gupta,Seed Funding,N/A,
82,24/12/2015,Black White Orange,B2B Merchandize platform,Mumbai,Collaborative Licensing Ventures LLP,Seed Funding,"303,000",
83,24/12/2015,Kolabro,Real Estate focused Tech platform,Gurgaon,"Umang Kumar, Ruchir Arora & others",Seed Funding,N/A,
84,24/12/2015,Canvera,Photographer Online search & booking platform,Bangalore,Info Edge (India) Ltd,Private Equity,"2,200,000",N/A
85,28/12/2015,Town Essentials,Grocery Delivery platform,Bangalore,"Sharad Hegde, Girish Reddy, Siddharth Patil, Shrikant Patil",Seed Funding,"1,000,000",
86,28/12/2015,Bumper,Mobile Car Servicing appointment app,Bangalore,SAIF Partners,Seed Funding,"500,000",
87,29/12/2015,Hotify,New Curation Mobile App,Bangalore,Mahavir Pratap Sharma,Seed Funding,"150,000",
88,29/12/2015,MobiKwik,Mobile Wallet,Gurgaon,"Sequoia Capital, Tree Line Asia, Innoven Capital",Private Equity,"6,600,000",Additional Funding
89,30/12/2015,Intelligent Interfaces,Interface development platform for Government officials,Bangalore,Yuvraj Singh,Seed Funding,N/A,Yet to Launch
