Sr. No.,Date(dd/mm/yyyy),Startup Name,Industry/ Vertical,Sub-Vertical,City / Location,Investors’ Name,Invest-mentType,Amount (in USD)
1,01/2/2016,Blue Tokai Coffee,ECommerce,Specialty Coffee Etailer,New Delhi,Snow Leopard Technology Ventures,Seed Funding,N/A
2,02/2/2016,Altizone,Technology,IoT & M2M Solutions,Pune,"Wipro Ventures,  Lumis Partners",Private Equity,"4,000,000"
3,02/2/2016,Oust App,Consumer Internet,Competitive Exam Preparation Platform,Bangalore,"T V Mohandas Pai,  Aarin Capital",Seed Funding,N/A
4,02/2/2016,Strike,Consumer Internet,Mobile Email productivity tool,Bangalore,Multiple investors through Ten Minute Million competition,Seed Funding,"22,500"
5,02/2/2016,MaaxMarket,Consumer Internet,Marketing Automation platform,N/A,Multiple investors through Ten Minute Million competition,Seed Funding,"22,500"
6,02/2/2016,Gamooz,Technology,Augmented Reality Solutions,Gurgaon,Multiple investors through Ten Minute Million competition,Seed Funding,"22,500"
7,02/2/2016,SoundSurround,Technology,Audio Technology Solutions,Mumbai,Multiple investors through Ten Minute Million competition,Seed Funding,"22,500"
8,03/2/2016,Mazkara,Consumer Internet,Beauty & Wellness Platform,Pune / Dubai,Dunamis Ventures Pte Ltd.,Seed Funding,"1,000,000"
9,03/2/2016,RoadGods,ECommerce,Auto Spare Parts eTailer,New Delhi,Green House Ventures (GHV),Seed Funding,"100,000"
10,03/2/2016,Pindropmusic,Consumer Internet,Music Discovery Mobile App,Noida,Green House Ventures (GHV),Seed Funding,"100,000"
11,03/2/2016,Woodpie,Consumer Internet,Book Recommendation Service,Bangalore,Ingram Content Group,Seed Funding,"30,000"
12,04/02/2016,Perfumery,ECommerce,Fragrances & Perfume eTailer,New Delhi,Oranda Global & Others,Seed Funding,"30,000"
13,05/02/2016,Magic Crate,Education,Children Education Platform,Bangalore,"TV Mohandas Pai, Aarin Capital",Seed Funding,N/A
14,05/02/2016,ZenDrive,Technology,Safe Driving Data & Analytics platform,Bangalore / SFO,"Sherpa Capital, Nyca Partners and Thomvest Ventures",Private Equity,"13,500,000"
15,05/02/2016,Smartcooky,ECommerce,Marketplace for Health Foods,New Delhi,"Vandana Luthra,",Private Equity,N/A
16,05/02/2016,Turtlemint,Consumer Internet,online personalized insurance platform,Mumbai,Nexus Venture Partners,Private Equity,N/A
17,05/02/2016,BHIVE,Real Estate,Workspace Rentals,Bangalore,"Raghunandan G, Venturesity, Arihant Patni",Seed Funding,N/A
18,05/02/2016,Gingercrush,Ecommerce,Personalized Products & Merchandize eTailer,Vadodara,"Saha Fund, TV Mohandas Pai, Zia Mody, Mumbai Angels, Ananda Kallugadde, Rakesh Desai, Rakesh Malhotra",Private Equity,"1,000,000"
19,05/02/2016,American Vision,Consumer Internet,Optical Store Aggregator Platform,Pune,Undisclosed investors,Seed Funding,"81,000"
20,05/02/2016,DawaiLelo,Consumer Internet,Healthcare Services & Online Pharmacy Mobile App,Varanasi,Undisclosed investors,Seed Funding,"52,000"
21,06/02/2016,Heads Up For Tails,Ecommerce,Pet Products eTailer,New Delhi,Undisclosed investors,Seed Funding,"1,000,000"
22,06/02/2016,LiveNutriFit,Healthcare,Weight loss & Healthcare Info portal,New Delhi,"Mohit Goel, Vinod Jain & Others",Seed Funding,N/A
23,08/02/2016,Moglix,Ecommerce,Industrial & Home Products Marketplace,New Delhi,Ratan Tata,Private Equity,N/A
24,08/02/2016,iStyleYou,Consumer Internet,Personal Fashion Stylist App,Gurgaon,Green House Ventures (GHV),Seed Funding,"100,000"
25,08/02/2016,AdUrCup,Consumer Internet,Ad Network,New Delhi,Green House Ventures (GHV),Seed Funding,"100,000"
26,08/02/2016,Weddingz,Consumer Internet,online marketplace for wedding venues and vendors,Mumbai,Sixth Sense Ventures,Private Equity,N/A
27,08/02/2016,Urban Dhobi,Consumer Internet,On Demand Laundry Services,Jaipur,"Vinod Bansal, Sanjeev Singhal",Seed Funding,N/A
28,08/02/2016,Gray Routes,Consumer Internet,Last mile logistics solutions,Mumbai,"Mahesh Parasuraman, Rahul Gautam & Others",Seed Funding,N/A
29,08/02/2016,Xpressbees,ECommerce,ECommerce Logistics solutions,Pune,"SAIF Partners, IDG Ventures India, Vertex Ventures, Valiant Capital",Private Equity,"12,500,000"
30,08/02/2016,Invictus Oncology,Healthcare,Cancer therapeutic Info & Solutions,New Delhi,Ratan Tata,Private Equity,N/A
31,08/02/2016,Hansel.io,Technology,Mobile App Tech Solutions,Bangalore,"Endiya Partners, Mekin Maheshwari, Rajesh Sawhney",Seed Funding,N/A
32,09/02/2016,Inc42,Consumer Internet,Startup Focused Media News Portal,New Delhi,"India Ventures, Aarin Capital & Others",Seed Funding,N/A
33,09/02/2016,GOQii,Technology,Personalized fitness coaching & Fitness band,Mumbai,Edelweiss Financial Services,Private Equity,N/A
34,10/02/2016,Capzest,Consumer Internet,Digital Lending Platform,Mumbai,Lion Ventures,Seed Funding,"200,000"
35,10/02/2016,GlamStudios,Consumer Internet,Online Salon Aggregator,Noida,Aqeel Ahmed,Seed Funding,N/A
36,10/02/2016,Affimity,Consumer Internet,Social Networking platform,Bangalore,undisclosed investors,Seed Funding,"1,200,000"
37,10/02/2016,Anandakanda,Technology,Medicine Intake Reminder System,Pune,undisclosed investors,Seed Funding,"150,000"
38,10/02/2016,JoulestoWatts,Technology,IT services & Talent collaboration services startup,Bangalore,Manipal Global Education Services,Seed Funding,N/A
39,10/02/2016,Shopkirana,Consumer Internet,Retailer Supply Chain platform,Indore,"Atul Jain, Anil Gelra, Jaikumar Nair",Seed Funding,N/A
40,10/02/2016,Stylofie,Consumer Internet,Online Beauty Parlour search & discovery Platform,Gurgaon,Jaideep Mehta,Seed Funding,N/A
41,10/02/2016,OyBob,eCommerce,Hyperlocal Products & Services marketplace,Gurgaon,Sachin Dalal,Seed Funding,N/A
42,12/02/2016,ActOnMagic,Technology,Cloud Analytics and Management Products,Bangalore,Jayabalan Subramanian,Seed Funding,"125,000"
43,12/02/2016,Bonhomia,Food & Beverage,premium Tea and Coffee,New Delhi,"Alok Rawat, Grey Orange Robotics",Seed Funding,"1,000,000"
44,12/02/2016,iGrenEnergi,Technology,Solar Power Solutions,Mumbai,Sunil Mehta,Seed Funding,"1,000,000"
45,12/02/2016,RKSV,Consumer Internet,Online Stock Trading Platform,Mumbai,Kalaari Capital,Private Equity,"4,000,000"
46,15/02/2016,Aasaanjobs,Consumer Internet,Online Recruitment Marketplace,Mumbai,"Aspada Advisors, IDG Ventures,  Inventus Capital",Private Equity,"5,000,000"
47,15/02/2016,Snapdeal,eCommerce,Horizontal Online Marketplace,New Delhi,Ontario Teachers’ Pension Plan & Others,Private Equity,"200,000,000"
48,15/02/2016,Jugnoo,Consumer Internet,Transportation & On-demand delivery aggregator,Chandigarh,Saumya Tandon,Private Equity,N/A
49,15/02/2016,Snapbizz,Technology,Connectivity platform for local grocery stores,Bangalore,Ratan Tata,Private Equity,N/A
50,15/02/2016,GoYaNo,Consumer Internet,Events & Restaurant Discovery Marketplace App,Gurgaon,Mukesh Kumar Gupta,Seed Funding,"50,000"
51,15/02/2016,RentSher,Consumer Internet,Online Household Product Rental platform,Bangalore,"Vaibhav Doshi, Abhay Singhal, Vibhu Garg, Joby Babu, Abhishek Acharya, Manish Shah",Seed Funding,"300,000"
52,15/02/2016,Buddy,Finance,Micro Lending Platform for eCommerce purchases,Bangalore,"Blume Ventures,  Tracxn Labs",Seed Funding,"500,000"
53,15/02/2016,Legistify,Consumer Internet,Online Legal services platform,New Delhi,Ranjit Singh,Seed Funding,N/A
54,16/02/2016,TableHero,Consumer Internet,Dynamic Restaurant Website creator,Bangalore,"GrowX Ventures, Kunal Shah, Sandeep Tandon, Haresh Chawla, Powai Lake Ventures, Globevestor",Seed Funding,"1,000,000"
55,16/02/2016,BetterPlace,Technology,Data analytics based Verification services Platform,Bangalore,Unitus Seed Fund,Seed Funding,"970,000"
56,16/02/2016,Salebhai,eCommerce,"Sweets, Eatables, Handicrafts Online Marketplace",Ahmedabad,"Virendra Shekhawat, Deepak Chokhani, Yogesh Patel & Others",Seed Funding,N/A
57,16/02/2016,icustommadeit,eCommerce,Professional Custom creators Marketplace,Pune,"Brand Capital, Siddhivinayak Skyscrapers, Dinesh R. Challa",Private Equity,"4,000,000"
58,16/02/2016,Tring,Consumer Internet,Instant Messaging App,Pune,Vishwadeep Bajaj & Others,Seed Funding,N/A
59,16/02/2016,Medinfi,Consumer Internet,Doctor & Clinics Discovery platform,Bangalore,"Rajnish Sinha, Prijit Debnath, Kanchan Ghoshal",Seed Funding,N/A
60,17/02/2016,Timemytask,Consumer Internet,On-Demand home cleaning services,Mumbai,Lead Angels,Seed Funding,N/A
61,17/02/2016,GameZop,Technology,Mobile Gaming Platform,New Delhi,"KWAN Entertainment & Marketing Solutions, Powerhouse Ventures & Others",Seed Funding,"350,000"
62,17/02/2016,Notary Mama,Consumer Internet,On-demand Legal documentation and registration service,Bangalore,"Dr Nandish Domlur, Amit Sandill",Seed Funding,N/A
63,17/02/2016,The Viral Fever,Consumer Internet,Independent Online Video production company,Mumbai,Tiger Global,Private Equity,"10,000,000"
64,17/02/2016,Avanti Learning,Education,Private Coaching Classes,New Delhi,Michael & Susan Dell Foundation,Private Equity,"5,000,000"
65,17/02/2016,Bollant Industries,Technology,Eco-friendly consumer & packaging products,Hyderabad,Ratan Tata,Private Equity,N/A
66,18/02/2016,GetVee,Consumer Internet,Matrimony & Couples only mobile platform,New Delhi,"Lightspeed Venture Partners, K Ganesh",Private Equity,N/A
67,18/02/2016,HealthKumbh,Consumer Internet,Health related Information portal,Ahmedabad,Undisclosed investor,Seed Funding,"73,000"
68,18/02/2016,Unlaze,Consumer Internet,Social Networking app for outdoor interests,Gurgaon,"Sujal Shah, Dino Morea",Seed Funding,N/A
69,18/02/2016,Tracxn,Technology,Indian Startup ecosystem trends analyzer & funding platform,Bangalore,"Nandan Nilekani, Mohandas Pai, Neeraj Arora, Anand Rajaraman, Girish Mathrubootham, Aneesh Reddy & Teruhide Sato",Private Equity,N/A
70,18/02/2016,Careongo,ECommerce,Online Pharmacy store,New Delhi,Farooq Oomerbhoy & Other angel investors,Seed Funding,"300,000"
71,18/02/2016,Ark Robot,Technology,Warehouse Automation,Bangalore,Qualcomm (Through QPrize Contest),Seed Funding,"350,000"
72,19/02/2016,Jaypore,ECommerce,Ethnic Products marketplace,New Delhi,Aavishkaar,Private Equity,"5,000,000"
73,19/02/2016,Finance Buddha,Consumer Internet,Online Loan Comparison & Discovery platform,Bangalore,Chennai Angels,Seed Funding,N/A
74,19/02/2016,AlmaConnect,Consumer Internet,Alumni social network,New Delhi,"Mohandas Pai, Varun Aggarwal",Seed Funding,N/A
75,19/02/2016,Advantage Club,Consumer Internet,mobile platform for corporate employee benefits,Gurgaon,Purvi Ventures & Others,Seed Funding,"400,000"
76,19/02/2016,LocalRamu,Consumer Internet,mobile based aggregator for local service providers,Bangalore,3 undisclosed investors,Seed Funding,N/A
77,22/02/2016,Baby Berry,Consumer Internet,Parenting Mobile app,Bangalore,Nitin Bagmane & Other undisclosed investors,Seed Funding,"1,000,000"
78,22/02/2016,Magicpin,Consumer Internet,Hyperlocal Discover Mobile App,New Delhi,Lightspeed India,Private Equity,"3,000,000"
79,22/02/2016,First Eat,Consumer Internet,Healthy Food Delivery platform,New Delhi,Undisclosed investor,Seed Funding,"100,000"
80,22/02/2016,SigTuple,Technology,Healthcare based Tech Solutions,Bangalore,"Sachin Bansal, Binny Bansal, Accel Partners & Others",Seed Funding,N/A
81,22/02/2016,Taskbob,Consumer Internet,Hyperlocal Handyman services platform,Mumbai,"IvyCap Ventures, Orios Venture Partners, Mayfield India",Private Equity,"4,500,000"
82,22/02/2016,Styledotme,Consumer Internet,Mobile Fashion App,New Delhi,Indian Angel Network,Seed Funding,"37,000"
83,22/02/2016,NewsLaundry,Consumer Internet,Independent News Media Portal,New Delhi,"Omidyar Network,  Vikram Lal, Abhijit Bhandari, Mahesh Murthy, Shashank Bhagat",Private Equity,N/A
84,23/02/2016,CupoNation,Consumer Internet,Deals and Discount platform,Gurgaon,"Rocket Internet AG, Holtzbrink Ventures, New Enterprise Associates (NEA), e.ventures, ru-Net, Deutsche Telekom Strategic Investments (DTSI), Silicon Valley Bank",Private Equity,"11,000,000"
85,23/02/2016,Aarav UAV,Technology,unmanned aerial vehicles creator,Kanpur,"StartupXseed Ventures, The Phoenix Fund and others",Seed Funding,N/A
86,24/02/2016,Sayfix,Consumer Internet,Hyperlocal Home Services Provider,Bangalore,Yajnanarayana Kammaje,Seed Funding,"160,000"
87,24/02/2016,LoanZen,Consumer Internet,Peer to peer Lending marketplace,Bangalore,Tracxn Syndicate,Seed Funding,N/A
88,24/02/2016,NoBroker,Consumer Internet,Peer to peer property listing platform,Bangalore,"Beenext, Digital Garage, Beenos, Qualgro, Mamoru Taniya, SAIF Partners",Private Equity,"10,000,000"
89,24/02/2016,AppilyEver,Consumer Internet,Online wedding services marketplace,Hyderabad,"Varun Aggarwal, Suresh Venkat, Raj Y",Seed Funding,"400,000"
90,24/02/2016,Pocketin,Consumer Internet,Hotel reservations & Deal platform,Noida,Swastika Company Ltd,Seed Funding,"150,000"
91,24/02/2016,FeetApart,Consumer Internet,Employee engagements & Rewards platform,Bangalore,Vishal Bali & Others,Seed Funding,N/A
92,25/02/2016,OfBusiness,eCommerce,B2B commerce Marketplace,Gurgaon,Matrix Partners India,Private Equity,"5,000,000"
93,25/02/2016,CarveNiche,Consumer Internet,Personalized Learning Solutions & products,Bangalore,"Calcutta Angels, Lead Angels & Others",Seed Funding,N/A
94,25/02/2016,Juspay,Consumer Internet,Digital Payments solutions,Bangalore,"Accel Partners, Ashish Hemrajani, Parikshit Dar, Rajesh Balpande",Private Equity,"5,800,000"
95,25/02/2016,Funcart,eCommerce,Party Supplies Etailer,New Delhi,Undisclosed HNIs,Seed Funding,"70,000"
96,26/02/2016,Freedom Smart Labs,Technology,IoT retail solutions,New Delhi,Kapil Goel,Seed Funding,"145,000"
97,26/02/2016,EduBridge,Consumer Internet,Skill development and vocational training platform,Mumbai,"Insitor Impact Asia Fund, Acumen Fund",Private Equity,"2,500,000"
98,29/02/2016,Nestaway,Consumer Internet,Online Home Rental Marketplace,Bangalore,Ratan Tata,Private Equity,N/A
99,29/02/2016,Hopscotch,eCommerce,Baby & Kids Products Online Flash sales platform,Mumbai,Eduardo Saverin,Private Equity,"13,000,000"
100,29/02/2016,PinClick,Consumer Internet,Online real estate listings,Bangalore,Undisclosed investors,Private Equity,N/A
101,,,,,,,,
