Sr. No.,Date(dd/mm/yyyy),Startup Name,Industry/ Vertical,Sub-Vertical,City / Location,Investors’ Name,InvestmentType,Amount (in USD)
1,01/07/2017,Billion Loans,Consumer Internet,Peer to Peer Lending platform,Bangalore,Reliance Corporate Advisory Services Ltd,Seed Funding,"1,000,000"
2,03/07/2017,Ecolibriumenergy,Technology,Energy management solutions provider,Ahmedabad,"Infuse Ventures, JLL",Private Equity,"2,600,000"
3,04/07/2017,Droom,eCommerce,Online marketplace for automobiles,Gurgaon,"Asset Management (Asia) Ltd, Digital Garage Inc",Private Equity,"20,000,000"
4,05/07/2017,Jumbotail,eCommerce,online marketplace for food and grocery,Bangalore,"Kalaari Capital, Nexus India Capital Advisors",Private Equity,"8,500,000"
5,05/07/2017,Moglix,eCommerce,B2B marketplace for Industrial products,Noida,"International Finance Corporation, Rocketship, Accel Partners, Jungle Ventures, Shailesh Rao, Venture Highway",Private Equity,"12,000,000"
6,05/07/2017,Timesaverz,Consumer Internet,Hyperlocal home services provider,Mumbai,BCCL,Private Equity,"1,000,000"
7,06/07/2017,Minjar,Technology,Cloud Solutions provider,Bangalore,"Blume Ventures, Contrarian Capital India Partners, Emergent Ventures India, Pallav Nadhani, Ashish Gupta, Sharad Sharma, Sirion Labs",Seed Funding,N/A
8,06/07/2017,MyCity4kids,Consumer Internet,parenting blog and kids’ events discovery platform,Gurgaon,N/A,Seed Funding,N/A
9,07/07/2017,Clip App,Consumer Internet,Digital Media Video platform,Bangalore,"India Quotient, Shunwei Capital",Seed Funding,"1,000,000"
10,07/07/2017,Upwardly.in,Consumer Internet,MF investment platform,Bangalore,"Sreeram Iyer, Suvo Sarkar, Anita Gupta, Likemind Ventures",Seed Funding,N/A
11,10/07/2017,Autorox.co,Technology,Workshop Management Software Platform,Hyderabad,Mitsui & Co.,Private Equity,"3,000,000"
12,11/07/2017,Fabogo,Consumer Internet,Salon & Spa Aggregation & Discovery platform,Pune,Dunamis Ventures Pte Ltd,Private Equity,"2,250,000"
13,11/07/2017,Flickstree,Consumer Internet,Video Content Discovery Platform,Mumbai,"Venture Catalysts, Sourav Ganguly, Ankit Aditya, Moksh Sports Ventures",Seed Funding,"464,000"
14,11/07/2017,Design Cafe,Consumer Internet,Online Interior Design platform,Bangalore,"Fireside Ventures, Apurva Salarpuria, Sidharth Pansari, Sprout Capital",Seed Funding,N/A
15,12/07/2017,Innoviti,Technology,Digital payments solutions,Bangalore,"SBI-FMO Fund, Bessemer Venture Partners, Catamaran Ventures",Private Equity,"18,500,000"
16,12/07/2017,VDeliver,Logistics,Door Step Delivery platform,Hyderabad,"Corvus Ventures, MAPE Advisory Group",Private Equity,N/A
17,12/07/2017,Bottr.me,Technology,Chatbot creation tool,Bangalore,"500 Startups, Purvi Capital, Rajan Anandan, Abhishek Gupta",Seed Funding,N/A
18,12/07/2017,Arcatron,Technology,Next Gen Mobility device manufacturer,Pune,Indian Angel Network,Seed Funding,N/A
19,14/07/2017,QwikSpec,Technology,Construction site operations and analytics platform,Bangalore,"Brigade Innovations LLP, TV Mohandas Pai, Suhail Rahman, Bobby Reddy, M George Oommen",Seed Funding,"540,000"
20,14/07/2017,Chumbak,eCommerce,Designer consumer products Marketplace,Bangalore,Blacksoil Capital Pvt. Ltd,Private Equity,"1,700,000"
21,17/07/2017,Increff,Technology,Sales Solutions for Fashion Brands,Bangalore,"Sequoia Capital, Grey Orange, Rajesh Ramaiah, Anshuman Das, Rishi Das",Seed Funding,"2,000,000"
22,17/07/2017,Vayana,Technology,Enterprise Banking Solutions,Pune,"IDG Ventures India Advisors, Jungle Ventures",Private Equity,"4,000,000"
23,18/07/2017,MObiquest,Technology,Mobile Services & Solutions,Noida,One97 Communication Ltd,Private Equity,N/A
24,18/07/2017,Ambee,Consumer Internet,Ambulance Aggregation Services,Hyderabad,"Uber Technologies Inc, Amaya Capital LLP",Seed Funding,N/A
25,18/07/2017,Ideal Insurance,Consumer Internet,Online Insurance platform,Kolkata,Xelpmoc,Seed Funding,N/A
26,18/07/2017,Hypernova Interactive,Technology,Mobile games creator,Bangalore,Kae Capital,Seed Funding,N/A
27,19/07/2017,Rentomojo,Consumer Internet,Consumer Leasing Platform,Bangalore,"ain Capital Ventures, Renaud Laplanche",Private Equity,"10,000,000"
28,19/07/2017,AirCTO,Consumer Internet,AI powered recruitment platform,Bangalore,Francesco Cara,Seed Funding,N/A
29,19/07/2017,Playablo,Technology,Gamified Learning App,Bangalore,ABI-Showatech (India) Ltd,Seed Funding,"600,000"
30,20/07/2017,Trupay,Technology,Online payments platform,Gurgaon,"Kae Capital, M&S Partners,",Seed Funding,"700,000"
31,21/07/2017,Brick2Wall,eCommerce,Online Marketplace for Construction Material,Gurgaon,"Subramani Somasundaram, Sundeep Sahni, Mayank Mittal & Others",Seed Funding,"200,000"
32,21/07/2017,FableStreet,eCommerce,Women Work wear etailer,New Delhi,"Harmeet Bajaj, Pameela P, Fusiontech Ventures & Others",Seed Funding,N/A
33,21/07/2017,Monsoon Fintech,Technology,Machine Learning Access platform,New Delhi,"Sunil Kalra, Aditya Singh, Rishi Srivastava, Rajan Anandan",Seed Funding,N/A
34,21/07/2017,MonkeyBox,Consumer Internet,Healthy Food Delivery Platform,Bangalore,"Blume Ventures, NB Ventures, Nspira",Seed Funding,N/A
35,25/07/2017,Noticeboard,Consumer Internet,Mobile-first Enterprise communication platform,Bangalore,"Stellaris Venture Partners,",Private Equity,"1,200,000"
36,25/07/2017,Byju’s,Consumer Internet,Mobile Learning App,Bangalore,Tencent Holdings,Private Equity,"35,000,000"
37,26/07/2017,Creator’s Gurukul,Others,Co-Working Space Provider,New Delhi,Yuvraj Singh,Seed Funding,N/A
38,26/07/2017,Fab Hotels,Consumer Internet,Budget hotels brand & Aggregator Platform,New Delhi,Goldman Sachs,Private Equity,"25,000,000"
39,26/07/2017,ThinkerBell,Consumer Internet,Assisted Learning Startup,Bangalore,"Indian Angel Network, Anand Mahindra",Seed Funding,"200,000"
40,27/07/2017,1mg,eCommerce,Online Pharmacy,Gurgaon,"HBM Healthcare Investments, Maverick Capital Ventures, Sequoia India, Omidyar Network and Kae Capital",Private Equity,"15,000,000"
41,28/07/2017,Jhakaas,Consumer Internet,App-based Aggregator of Offline Businesses,Mumbai,Amen Dhyllon,Seed Funding,N/A
42,28/07/2017,BigStylist,Consumer Internet,Beauty Services Marketplace,Mumbai,Info Edge (India) Ltd,Private Equity,"1,250,000"
43,28/07/2017,Gympik.com,Consumer Internet,online marketplace for discovering fitness centres,Bangalore,RoundGlass Partners,Seed Funding,N/A
44,,,,,,,,
