Sr. No.,Date(dd/mm/yyyy),Startup Name,Industry/ Vertical,Sub-Vertical,City / Location,Investors’ Name,Invest-mentType,Amount (in USD)
1,01/3/2016,DriveU,Consumer Internet,Chauffeurs Discovery for private car owners,Bangalore,Unitus Seed Fund,Seed Funding,N/A
2,01/3/2016,Gympik,Consumer Internet,"Fitness Centres, Gym Discovery online marketplace",Bangalore,RoundGlass Partners,Private Equity,N/A
3,01/3/2016,Testbook,Consumer Internet,Online Test Preparation Platform,Mumbai,S Chand & Co,Private Equity,N/A
4,01/3/2016,IQlect,Technology,Big Data Analytics Platform,Bangalore,"Lip-Bu Tan, Michael Marks, Nicolas Braithwaite",Private Equity,N/A
5,02/3/2016,MoMark,Consumer Internet,Mobile Wallet Aggregation platform,Noida,YourNest Angel Fund,Private Equity,"600,000"
6,02/3/2016,Skedool,Consumer Internet,AI based Office Assistant Mobile App,Seattle / Bangalore,"Kludein LLCPhanindra Sama, Narayan Ramachandran, Pranav Pai",Seed Funding,N/A
7,02/3/2016,Systemantics,Technology,Industrial robots maker,Bangalore,"Nandan Nilekani, Accel Partners",Private Equity,"1,400,000"
8,03/3/2016,Vertuals,Technology,Audio Visual Digital Content creators for Brands,Mumbai,Dino Morea,Seed Funding,N/A
9,03/3/2016,Imarticus Learning,Education,Financial Services & Analytics Education Institute,Mumbai,"Blinc Advisors, Amit Nanavati, Tashwinder Singh, Taranjit Jaswal, Amit Khanna",Private Equity,"1,000,000"
10,03/3/2016,Shouut,Consumer Internet,Social Discovery Mobile app,New Delhi,Undisclosed investor,Seed Funding,"500,000"
11,04/3/2016,TinyStep,Consumer Internet,Parenting Social Network Platform,Bangalore,Matt Glickman,Private Equity,N/A
12,04/3/2016,Aahaa,ECommerce,Office Products Super Store,Chennai,"YourNest Angel Fund,",Private Equity,"1,000,000"
13,04/3/2016,Arcatron Mobility,Technology,Smart wheelchair Design and Development,Pune,"Sudhir Mehta, Anoop Hingorani",Seed Funding,N/A
14,04/3/2016,FTCash,Consumer Internet,Mobile Payments Platform,Kolkata,IvyCap Ventures,Seed Funding,"150,000"
15,04/3/2016,Civilsdaily,Consumer Internet,Civil Services News Aggregator,New Delhi,Manoj Kumar & Other undisclosed investors,Seed Funding,N/A
16,04/3/2016,Zappka,Consumer Internet,Mobile App discovery and review platform,Gurgaon,"Daman Soni, Rajat Gupta & Others",Seed Funding,"100,000"
17,04/3/2016,Tarusa World,ECommerce,Handicraft products eTailer,Mumbai,Mohit Gulati,Seed Funding,N/A
18,04/3/2016,medECUBE,Healthcare,Healthcare related Services provider,Gurgaon,Artiman Ventures,Private Equity,"4,000,000"
19,07/3/2016,N.O.W,Consumer Internet,Bike Taxi Service & Hyperlocal Delivery App,Noida,"Ruchirans Jaipuria, Anuj Sanghi",Seed Funding,"500,000"
20,07/3/2016,Ninjacart,ECommerce,B2B marketplace for Farmers & Retailers,Bangalore,"Accel Partners, Qualcomm Ventures, M&S Partners, Zop Smart",Private Equity,"3,000,000"
21,07/3/2016,Reach,Consumer Internet,Cross Platform P2P file sharing mobile app,Bangalore,"Rebright Partners, Sol Primero, Sudhir Anandarao, Ankur Warikoo, Ankur Singla",Seed Funding,"500,000"
22,07/3/2016,Vanity Cube,Consumer Internet,Hyperlocal Beauty Services platform,New Delhi,Unicorn Ventures,Seed Funding,"250,000"
23,07/3/2016,Wooplr,ECommerce,Curated Fashion ECommerce portal,Bangalore,"Naveen Tewari, Abhay Singhal, Amit Gupta, Piyush Shah, Raghunandan G, Rajiv Mehta",Seed Funding,N/A
24,07/3/2016,Medidaili,Consumer Internet,Medical Support service platform,Bangalore,Undisclosed private investors,Seed Funding,"100,000"
25,08/3/2016,Finomena,Technology,Credit Worthiness Big Data Analytics,New Delhi,Matrix Partners India,Private Equity,N/A
26,08/3/2016,Cookaroo,Consumer Internet,Food Delivery Platform,Bangalore,Vijay Krishna Yadav,Seed Funding,N/A
27,08/3/2016,vPhrase Analytics,Technology,AI based data analytics platform,Mumbai,"Apoorv Ranjan Sharma, Daud Ali and others",Seed Funding,N/A
28,08/3/2016,LoveCycles,Consumer Internet,Women’s health Tracker,Bangalore,Prime Venture Partners,Seed Funding,"750,000"
29,08/3/2016,Kartrocket,ECommerce,ECommerce SAAS platform,New Delhi,"Undisclosed Japanese investor, Bertelsmann India Investments, Nirvana Digital India Fund, Nirvana Digital Investment Holding Co Ltd, 500 Start-Ups",Private Equity,"8,000,000"
30,08/3/2016,dunzo,Consumer Internet,Daily Task Management App,Bangalore,"Aspada Investment Advisors, Blume Ventures.",Seed Funding,"650,000"
31,09/3/2016,Indiamart,ECommerce,B2B Marketplace for SMBs,Noida,Amadeus Capital,Private Equity,N/A
32,09/3/2016,SmartVizX,Technology,Virtual Reality Solutions,Noida,"Indian Angel Network, Stanford Angels, Entrepreneurs India",Seed Funding,"500,000"
33,09/3/2016,MyGubbi,Real Estate,Interior Design & Home Décor Solutions,Bangalore,"Vipul Parekh, ajesh K Murthy,",Seed Funding,"2,500,000"
34,09/3/2016,Nukkad Shops,Consumer Internet,Hyperlocal Grocery Delivery Service,Hyderabad,PurpleTalk Inc,Seed Funding,"1,000,000"
35,09/3/2016,Cloudacar,Consumer Internet,Carpooling Mobile App,Pune,"Amit Choudhary, Anuj Puri",Seed Funding,N/A
36,09/3/2016,Justride,Consumer Internet,Self Drive Car Rental,Mumbai,Dheeraj Jain & Other angel investors,Seed Funding,"400,000"
37,09/3/2016,Yana,Consumer Internet,Personal AI Transaction Engine App,Gurgaon,"Puneet Gupta,",Seed Funding,N/A
38,10/3/2016,Big Fish Ventures,Food & Beverage,premium dining lounges Chain,New Delhi,Undisclosed investors,Private Equity,"11,100,000"
39,10/3/2016,Stylflip,ECommerce,Pre-Owned Fashion marketplace mobile app,Mumbai,"Raj Gala Shah, Zaheer Memon",Seed Funding,N/A
40,10/3/2016,Icertis,Technology,Contract Management Software Solutions platform,Pune/Seattle,"Ignition Partners, Greycroft Partners, Fidelity Growth Partners India",Private Equity,"15,000,000"
41,10/3/2016,Supplified,ECommerce,Construction material eTailer,New Delhi,Mohit Goel,Seed Funding,"1,000,000"
42,11/3/2016,JollyFoodFellow,Technology,Food Related Marketing & Branding platform,Ahmedabad,Janak Parikh,Seed Funding,N/A
43,14/3/2016,PinkBlue,ECommerce,Medical Supplies eTailer,Bangalore,"Hari Krishna, Ajay Modani, Dr V Ravinder, Anirudh Rastogi, Abhishek Jain, Rakesh Gakhar, Rajeev Mudumba, Nagendra Prasad Bhanuprakash",Seed Funding,"223,608"
44,14/3/2016,TruckingCube,Logistics,"Domestic, Commercial, and Industrial Goods Movers",New Delhi,Agarwal Movers Group,Private Equity,"14,900,000"
45,14/3/2016,eSwasthya,Consumer Internet,Online Medicine Delivery Aggregator,Ahmedabad,Hemang Sahani,Seed Funding,N/A
46,15/3/2016,FlipClass,Consumer Internet,Tutor Search Platform,Bangalore,"S Chand and Co Pvt Ltd, Blume Ventures",Private Equity,"1,000,000"
47,15/3/2016,Proximit,Technology,Advertising Technology,Pune,Funding through 1Crowd platform,Seed Funding,"150,000"
48,15/3/2016,WithMe,Consumer Internet,Personalized Fashion App,Gurgaon,"Alex Kuruvilla, Pradeep Guha, Saket Dhankar, Rajan Pandhare",Seed Funding,"250,000"
49,16/3/2016,Gapoon,Consumer Internet,Hyperlocal Home Maintenance services,Bangalore,"Chandrashekar Tallapragada, Pankaj Kapoor",Seed Funding,"180,000"
50,16/3/2016,Avagmah,Consumer Internet,Online Education Portal,Bangalore,"Kris Gopalakrishnan, Atul Nishar",Seed Funding,N/A
51,16/3/2016,WorkIndia,Consumer Internet,Online Job Board,Mumbai,Beenext,Seed Funding,N/A
52,16/3/2016,Wealthy,Consumer Internet,Online Investment management portal,Bangalore,"Zishaan Hayath, Abhishek Goyal, Arjun and Rohan Malhotra, Harpreet Singh Grover, Gagan Dugal",Seed Funding,"250,000"
53,17/3/2016,Pramati,Healthcare,Specialized Patient Care platform,Noida,Undisclosed investors,Seed Funding,"200,000"
54,17/3/2016,Qlivery,Consumer Internet,Ondemand Concierge Service,Gurgaon,Swastika Company Ltd,Seed Funding,"230,000"
55,17/3/2016,HealthEnablr,Consumer Internet,Doctor Discovery and booking platform,Mumbai,Undisclosed investors,Seed Funding,"800,000"
56,17/3/2016,Liftiee,Consumer Internet,Car/ bike Pooling App,Mumbai,"Rannvijay Singh, Anita Hassanandani",Seed Funding,"108,000"
57,18/3/2016,Hello Curry,Food & Beverage,Quick Service Restaurant Chain,Hyderabad,Sashi Reddi & Other unnamed investors,Private Equity,"1,500,000"
58,19/3/2016,goSporto,Consumer Internet,Online Sports discovery and booking platform,New Delhi,Naveen Gupta,Seed Funding,"30,000"
59,21/3/2016,OneClickWash,Consumer Internet,Online Laundry & Washing service Booking & Delivery,Gurgaon,Unitus Seed Fund,Seed Funding,N/A
60,21/3/2016,Girnar Software,Consumer Internet,Online News Media Network,Jaipur,Google Capital,Private Equity,N/A
61,21/3/2016,Room On Call,Consumer Internet,Budget hotel aggregator,Gurgaon,CASHurDRIVE Marketing Pvt Ltd,Private Equity,"2,000,000"
62,22/3/2016,Byju’s,Consumer Internet,Educational Video Content Creator,Bangalore,"Sequoia India, Sofina",Private Equity,"75,000,000"
63,22/3/2016,BigBasket,eCommerce,Online Grocery Shop,Bangalore,Abraaj Group,Private Equity,"150,000,000"
64,22/3/2016,DrivoJoy,Consumer Internet,On-demand 2-wheeler Servicing platform,Bangalore,"Indian Angel Network, Tracxn Labs & Others",Seed Funding,"600,000"
65,22/3/2016,Smartron,Technology,Internet of Things Device manufacturer,Bangalore,Sachin Tendulkar,Private Equity,N/A
66,22/3/2016,LifCare,Consumer Internet,Online Pharmacy portal,Jaipur,"Rajul Garg, Alok Mittal, Kunal Shah, Rishi Mandawat, Dheeraj Jain, Sandeep Tandon, Dexter Angel Circle",Seed Funding,N/A
67,22/3/2016,CreditSeva,Consumer Internet,Online Credit management tools,Hyderabad,"Pix Vine Capital, Infocomm Development Authority of Singapore",Seed Funding,"360,000"
68,22/3/2016,CityShor,Consumer Internet,online lifestyle media recommendation portal,Ahmedabad,GAIN,Seed Funding,N/A
69,23/3/2016,Endless Robotics,Technology,Interior Painting Automation,Hyderabad,"Devidas Desai, Vipul Gautam, Singapore Angel Network",Seed Funding,"100,000"
70,23/3/2016,SP Robotics,Technology,Robotic Classes for Students,Chennai,"Indian Angel Network,",Seed Funding,"300,000"
71,23/3/2016,StalkBuyLove,eCommerce,Fashion eTailer,New Delhi,"500 Startups, Littlerock, Singularity Ventures",Seed Funding,N/A
72,23/3/2016,eKincare,Consumer Internet,Healthcare related solutions,Hyderabad,"BitChemy Ventures, Maheshwari Investments Pvt Ltd, Anshoo Gaur, Rama Krishna Reddy, Sandeep Seerapu",Private Equity,"330,000"
73,23/3/2016,HashLearn,Consumer Internet,Mobile based private tutoring services,,"Bhavish Aggarwal, Binny Bansal,  Rajan Anandan, Mekin Maheshwar, Sunil Kalra, Anupam Mittal, Krishna Mehra, Singapore Angel Network",Seed Funding,N/A
74,23/3/2016,Wheelstreet,Consumer Internet,Online Bike Rental platform,Bangalore,Broadbean Capital services,Private Equity,"500,000"
75,24/3/2016,Horntell,Consumer Internet,Unified Push Notification service,Gurgaon,"Bharanidharan Viswanathan, Sanjiv Mittal, Shobhit Shukla, Rahul Agarwal",Seed Funding,"150,000"
76,28/3/2016,Schoolkart,eCommerce,Online Marketplace for Schools,Noida,Undisclosed investors,Seed Funding,"300,000"
77,29/3/2016,HealthEminds,Consumer Internet,Online mental healthcare,Bangalore,Robin Utthappa,Seed Funding,N/A
78,29/3/2016,Babygogo,Consumer Internet,Child healthcare experts aggregator mobile app,New Delhi,"Rajul Garg, Daljit Singh, Aditya Vij, Kishore Kumar, Shuchin Bajaj",Seed Funding,"300,000"
79,29/3/2016,Veritas Finance,Finance,Asset Based Lending platform,Chennai,Sarva Capital,Private Equity,"4,700,000"
80,29/3/2016,QikShip,Consumer Internet,Mobile based Logistics provider,New Delhi,undisclosed investors,Seed Funding,"200,000"
81,29/3/2016,FixNix,Consumer Internet,GRC SAAS Platform,Chennai,Jay Vijayan,Seed Funding,"500,000"
82,30/3/2016,True Balance,Technology,Mobile Balance Check App,Gurgaon,SoftBank Ventures Korea,Private Equity,N/A
83,30/3/2016,Touchkin,Healthcare,Predictive Healthcare platform,Bangalore,"Alok Mittal, Amit Gupta, Anuj Srivastava, Himanshu Aggarwal, Raghunandan G, Puneet Agarwal",Seed Funding,"400,000"
84,31/3/2016,SwitchMe,Consumer Internet,Home Loan Rate comparison platform,Mumbai,"Mohandas Pai, Hiro Mashita, Singapore Angel Network, 500 Startups, Rajan Anandan, Ajay Sarupria",Seed Funding,N/A
85,31/3/2016,Transcell,Healthcare,Family Stem Cell Banking Services,Hyderabad,Indian Angel Network,Seed Funding,N/A
87,,,,,,,,
88,,,,,,,,
