Sr. No.,Date(dd/mm/yyyy),Startup Name,Industry/ Vertical,Sub-Vertical,City / Location,Investors’ Name,InvestmentType,Amount (in USD)
1,01/05/2017,Ace2three,Consumer Internet,Online Rummy playing Website,Hyderabad,Clairvest Group,Private Equity,"73,700,000"
2,01/05/2017,Power2SME,eCommerce,Buying portal for SMEs,Gurgaon,International Finance Corporation,Private Equity,"10,000,000"
3,02/05/2017,Innovapptive,Technology,Enterprise Mobility Solutions,Hyderabad,Hyderabad Angels,Seed Funding,"1,500,000"
4,02/05/2017,4tigo,Logistics,Truck Network company,Bangalore,"Accel Partners, Nandan Nilekani,",Private Equity,"10,000,000"
5,02/05/2017,SMECorner,Consumer Internet,Online Platform for small business loans,Mumbai,Dutch government fund,Private Equity,N/A
6,02/05/2017,ZippServe,Consumer Internet,Real estate risk assessment platform,Bangalore,undisclosed investors,Seed Funding,"390,000"
7,03/05/2017,Ola,Consumer Internet,Cab Aggregation App,Bangalore,"Falcon Edge Capital,  Capital Advisers",Private Equity,"104,500,000"
8,03/05/2017,Sumeru,Technology,Software & Mobile development services,Bangalore,undisclosed investors,Seed Funding,"1,000,000"
9,04/05/2017,Healthians,Consumer Internet,Online Diagnostics and wellness platform,New Delhi,"Asuka Holdings, YouWeCan Ventures, Beenext, Beenos, M&S Partners",Private Equity,N/A
10,05/05/2017,HealthMir,Consumer Internet,AI-based health content platform,New Delhi,Nimit Panigrahi,Seed Funding,N/A
11,05/05/2017,Uactive,Consumer Internet,Health-based social networking & discovery App,Mumbai,Hinduja family,Seed Funding,N/A
12,05/05/2017,i-lend,Consumer Internet,Peer-to-peer lending platform,Hyderabad,50K Ventures,Seed Funding,N/A
13,05/05/2017,Good Methods Global,Technology,Cloud Based Practice Management Software,Trivandrum,Accel Partners,Private Equity,N/A
14,05/05/2017,Balance App,Consumer Internet,Money Savings & Management App,Bangalore,Rainmatter,Seed Funding,"233,000"
15,08/05/2017,YepMe,eCommerce,Private Label Fashion etailer,Gurgaon,"Rainbow Digital Services Pvt. Ltd, ILearnFinance Academy Pvt. Ltd.",Private Equity,"700,000"
16,08/05/2017,Nightstay,Consumer Internet,Last minute hotel booking mobile app,New Delhi,"Indian Angels Network, LetsVenture",Seed Funding,N/A
17,08/05/2017,Devourin,Technology,Restaurant Automation Solution,Pune,Deepak Nathani,Seed Funding,N/A
18,08/05/2017,MyGreens,Food & Beverage,Cold-press Juices manufacturer,New Delhi,"Ajay Relan, LetsVenture",Seed Funding,"1,000,000"
19,08/05/2017,Ace Turtle,Technology,Omni-Channel Platform,Bangalore,"Vertex Ventures, C31 Ventures",Private Equity,"5,000,000"
20,08/05/2017,CureFit,Technology,Health-Tech Platform,Bangalore,"Trifecta Capital Advisors LLP, Prathithi Investment Trust, RNT Capital, Gokul Rajaram, Aditya Agarwal, Ruchi Sanghvi & others",Private Equity,"3,200,000"
21,09/05/2017,Curie Labs,Technology,Energy Analytics startup,New Delhi,Satoshi Studios,Seed Funding,"50,000"
22,09/05/2017,Uncanny Vision,Technology,Computer Vision on Embedded Systems,Bangalore,Anand Chandrasekaran,Seed Funding,N/A
23,09/05/2017,Anchanto,Technology,Ecommerce Fulfilment and Technology Platform,Pune,Luxasia Group,Private Equity,N/A
24,09/05/2017,Sequretek,Technology,IT Security & Data Management Services,Mumbai,"GVFL, Unicorn India Ventures",Private Equity,N/A
25,10/05/2017,Lucideus,Technology,Cyber Security Startup,New Delhi,"Vellayan Subbiah, Jonathan Boutelle, Rajan Anandan,  Rahul Chawla, Salil Donde, Amit Ranjan, Govind Rajan & Others",Seed Funding,N/A
26,10/05/2017,Vidooly,Consumer Internet,Video Intelligence platform,Noida,"Times Internet, GVFL",Private Equity,"1,400,000"
27,10/05/2017,Shopclues,eCommerce,Online marketplace,Gurgaon,InnoVen Capital,Private Equity,"7,700,000"
28,10/05/2017,Fourth Ambit,Consumer Internet,Community Building platform,Bangalore,1Crowd,Seed Funding,"600,000"
29,10/05/2017,Chymera VR,Technology,Advertising Platform for Virtual Reality,Bangalore,"Varsha Rao, Surojit Chatterjee, Nirav Choksi & Others",Seed Funding,N/A
30,11/05/2017,Early Salary,Consumer Internet,Online lending platform,Pune,"DG Ventures India, Dewan Housing Finance Corp",Private Equity,"4,000,000"
31,11/05/2017,Book My Diamond,eCommerce,Diamond B2B eTailer,Mumbai,Chirag Nikunj Sheth & Others,Seed Funding,N/A
32,11/05/2017,ION Energy,Technology,Clean Tech Startup,Mumbai,"Aakrit Vaish, Swapan Rajdev, Sushill Jiwarajka",Seed Funding,N/A
33,12/05/2017,Legal Raasta,Consumer Internet,Legal Services to SMEs & Individuals,New Delhi,Impanix Capital,Private Equity,"5,000,000"
34,12/05/2017,Log 9 Materials,Technology,NanoTech product developer,Bangalore,GEMs,Seed Funding,N/A
35,12/05/2017,Remit Guru,Consumer Internet,Digital money transfer platform,Mumbai,"Infibeam, CCavenue",Private Equity,"466,000"
36,12/05/2017,Aequm,eCommerce,Cloud ECommerce platform,Bangalore,undisclosed investors,Seed Funding,"1,000,000"
37,15/05/2017,Zapty,Technology,Project Management tool,Bangalore,IdeaSpring Capital,Seed Funding,"500,000"
38,15/05/2017,Vernacular.ai,Technology,Multi-lingual AI Platform for Businesses,Bangalore,Kstart Capital,Seed Funding,N/A
39,16/05/2017,Niki.ai,Technology,AI-based chatbot,Bangalore,SAP,Private Equity,N/A
40,16/05/2017,Telr,Technology,Online Payment Gateway,Mumbai,Innovations East,Private Equity,"3,000,000"
41,16/05/2017,Fynd,eCommerce,Fashion ECommerce Portal,Mumbai,Rocketship,Private Equity,"500,000"
42,17/05/2017,Genie,Consumer Internet,hyperlocal delivery and logistics mobile app,Chennai,undisclosed investors,Seed Funding,"250,000"
43,17/05/2017,Paysense,Consumer Internet,Online Lending platform,Mumbai,Jungle Ventures,Private Equity,"5,300,000"
44,18/05/2017,The Good Life,ECommerce,Online Luxury Tea etailer,Mumbai,"Ayesha Takia Azmi, Abu Farhan Azmi",Seed Funding,"1,000,000"
45,18/05/2017,PumpKart,eCommerce,Online Water Pumps etailer,Chandigarh,Dr. Ritesh Malik,Seed Funding,N/A
46,18/05/2017,Paytm,ECommerce,Mobile Wallet & ECommerce platform,Bangalore,SoftBank Group,Private Equity,"1,400,000,000"
47,19/05/2017,EzCred,Consumer Internet,Consumer Lending Platform,Bangalore,"Dheeraj Pandey, Rajesh Yohannan, Akash Garg",Seed Funding,"1,000,000"
48,19/05/2017,HealthSutra,Food & Beverage,Health Food Maker,Hyderabad,"Ankur Capital, Hyderabad Angels",Seed Funding,N/A
49,20/05/2017,YepMe,eCommerce,Private Fashion Brand etailer,New Delhi,Gokaldas Exports Ltd,Private Equity,N/A
50,22/05/2017,Delhivery,Logistics,ECommerce Logistics provider,New Delhi,Fosun International,Private Equity,"30,000,000"
51,22/05/2017,ZipGrid,Consumer Internet,"Cashless, paperless solutions for Housing societies",Mumbai,"JLL, 1Crowd",Seed Funding,"500,000"
52,23/05/2017,TravelSpice,ECommerce,Travel ECommerce portal,Hyderabad,Eagle10 Ventures,Seed Funding,N/A
53,23/05/2017,Magicpin,Consumer Internet,Hyperlocal discovery platform,Gurgaon,"Lightspeed Venture Partners, Vy Capital,",Private Equity,"6,600,000"
54,23/05/2017,The Print,Consumer Internet,News Portal,New Delhi,"Ratan Tata, Nandan Nilekani, Uday Kotak, Vijay Shekhar Sharma, Kiran Mazumdar-Shaw, Rajiv C Mody",Seed Funding,N/A
55,23/05/2017,Box8,Consumer Internet,Food Delivery Platform,Mumbai,Trifecta Capital,Private Equity,"1,000,000"
56,24/05/2017,GenNext Students,Consumer Internet,Online Tutoring Services,Mumbai,Undisclosed Investors,Seed Funding,"580,000"
57,25/05/2017,Aye Finance,Finance,Non-Banking Financial Company,Gurgaon,Blue Orchard,Private Equity,"8,000,000"
58,26/05/2017,WhatsLoan,Consumer Internet,Online Lending mobile app,Bangalore,Lahiri Music’s family office,Seed Funding,N/A
59,29/05/2017,Cube Consumer Services,Consumer Internet,Finance management Mobile app,Mumbai,N/A,Seed Funding,N/A
60,29/05/2017,Nivesh,Consumer Internet,Online MF investment platform,Noida,"PV Sahad, Sandeep Shroff, Rahul Gupta",Seed Funding,N/A
61,29/05/2017,Wowflux,Technology,image Processing solution,New Delhi,Undisclosed Investors,Seed Funding,N/A
62,29/05/2017,Collateral Medical,eCommerce,Online Medical equipment supplier,Mumbai,Carpediem Capital,Private Equity,"3,500,000"
63,30/05/2017,Loadshare,Logistics,Express Logistics Network,Bangalore,Matrix Partners,Seed Funding,N/A
64,30/05/2017,SimpliLend,Consumer Internet,Online lending platform,New Delhi,Undisclosed Investors,Seed Funding,N/A
65,30/05/2017,Supr Daily,Consumer Internet,Subscription based delivery platform,Mumbai,"Soma Capital, Great Oaks Ventures, 122 West Ventures",Private Equity,"1,500,000"
66,30/05/2017,Swiggy,Consumer Internet,Online food delivery platform,Bangalore,"Nasper, Accel India, SAIF Partners, Bessemer Venture Partners, Harmony Partners, Norwest Venture Partners",Private Equity,"80,000,000"
67,31/05/2017,SastaSundar,eCommerce,Online Pharmacy,Kolkata,Rohto Pharmaceutical,Private Equity,"5,000,000"
68,31/05/2017,Magicpin,Consumer Internet,Hyperlocal Discovery  & Rewards platform,Gurgaon,"Lightspeed India Partners, Waterbridge Ventures",Private Equity,"7,000,000"
69,31/05/2017,,,,,,,
70,31/05/2017,,,,,,,
71,,,,,,,,
,,,,,,,,
