,Startup Name,Founding Date,City,Industry/Vertical,Sub-Vertical,Founders,Investors,Amount(in USD),Investment Stage
0,Kyt,2020,Singapore,EdTech,Holistic education for every child | Individual and small group live classes for ages 5 - 15 years,"Bhavik Rathod, Tripti Ahuja",Sequoia Capital India’s Surge,"$2,500,000",
1,Raskik,2019,,Fusion beverages,All new fusion-flavour fruit juices with the goodness of coconut and taste of India's finest fruits.,"Vikas Chawla, Abhay Parnerkar, Satyajit Ram","Venture Catalysts, 9Unicorns","$1,000,000",Pre-series A
2,GetWork,2019,Gurugram,HR Tech,GetWork is a campus recruiting platform to post your jobs and hire across dozens of colleges at once.,Rahul Veerwal,India Accelerator,"$40,000",Pre-seed
3,Mobile Premier League (MPL),2018,Bangalore,Gaming,Mobile Premier League is a skill-based eSports platform used to offer cash prizes while playing games.,"Sai Srinivas Kiran G, Shubham Malhotra","Pegasus Tech Ventures, Base Partners","$500,000",Series B
4,Pravasirojgar,2020,,Job portal,Initiative for blue-collar job workers,Sonu Sood,GoodWorker.,"$33,000,000",
5,Omatra Hotels,2017,Kolkata,Hospitality,Omatra is very new hotel management firm recently registered as Omatra Hospitality Services Private Limited.,"NAVEED AHAMED, SYED SAQQA ABBAS",Capify,Undisclosed,Seed
6,Awign,2016,Bangalore,Job portal,Operations and manpower outsourcing startup,"Annanya Sarthak, Gurpreet Singh, Praveen Sah","Unitus Ventures, Work10M",Undisclosed,Pre-series B
7,NewsReach,2018,Gujarat,Digital Media,NewsReach India offers partner publications a digital footprint and monetisation of their content via advertisements.,"Darshan Shah, Soniya Kundnani","Mumbai Angels, JITO Angel Network.","$1,500,000",Seed
8,Cashfree,2015,Bangalore,FinTech,Cashfree is a payments and banking technology company that enables businesses in India to collect payments online and make payouts.,"Akash Sinha, Reeju Datta","George Osborne, Smilegate Investment","$35,000,000",Series B
9,Credgenics,2018,New Delhi,FinTech,"Credgenics is a tech-enabled platform backed by Titan Capital, helping fintech lenders and Banks in their critical NPA reduction","Anand Agrawal, Mayank Khera, Rishabh Goel","Accel India, Breadlake Ventures","$3,000,000",Pre-series A
10,GeoIQ,2018,Bangalore,AI startup,"Map-based intelligent platform with single-click access to street-level location data - demographics, competitions, movements - for retail.","Devashish Fuloria, Tusheet Shrivastava, Ankita Thakur","Ankur Mittal, Mitesh Shah","$300,000",Seed
11,Country Delight,2015,Haryana,Dairy startup,Country Delight produces and distributes milk intended to provide good quality and unadulterated milk at doorstep.,"Chakradhar Gade, Nitin Kaushal","IIFL Asset Management, Matrix Partners","$25,000,000",Series C
12,Quintype,2014,Bangalore,Content management,"A technology company that focus on building a suite of digital publishing solutions to simplify content creation, distribution, audience engagement",Chirdeep Shetty,IIFL AMC,"$3,500,000",Series A
13,CARS24,2015,Haryana,Retail,CARS24 is an India-based platform for selling used cars.,"Mehul Agrawal, Ruchit Agarwal, Vikram Chopra","Global Car Group, Freemark holdings","$200,000,000",Series E
14,Astrogate Labs,2017,Bangalore,Spacetech,Astrogate Labs provides high-quality products related to space infrastructure.,,"Venture Catalysts, Speciale Invest",Undisclosed,
15,Power Gummies,2018,New Delhi,HealthTech,Power Gummies are a team of passionate givers who are dedicated to catering nutritional supplements,Divij Bajaj,Venture Catalysts,Undisclosed,Bridge
16,Cityflo,2015,Mumbai,Transportation,Cityflo is an urban transportation app that provides comfortable and economical buses for daily commute.,"Advaith Vishwanath, Ankit Agrawal, Jerin Venad, Rushabh Shah, Sankalp Kelshikar, Subhash Sundaravadivelu","Anupam Mittal, India Quotient","$7,000,000",Series A
17,AlgoBulls,2019,Mumbai,Trading platform,Algobulls is a state-of-the-art Trading Platform where customers are provided with Fully Automated Algorithmic Trading,"Pushpak Dagade, Jimmit Patel and Suraj Bathija",Venture Catalysts,"$200,000",
18,Credgenics,2018,Gurugram,FinTech,"Credgenics is a tech-enabled platform backed by Titan Capital, helping fintech lenders and Banks in their critical NPA reduction","Anand Agrawal, Mayank Khera, Rishabh Goel","Accel India, Breadlake Ventures","$3,000,000",Pre-series A
19,Inntot,2014,Kerala,Tech company,"Inntot Technologies, is a technology driven company.",Rajith Nair,Unicorn India Ventures,Undisclosed,
20,Ensuredit,2019,Gurugram,FinTech,ENSUREDIT enables and empowers end customers and Insurance Intermediaries with AI-based product platforms for transformational customer experience.,"Amit, Rohit Sadhu, and Vikas Ranga",Venture Catalysts,"$300,000",Pre-series A
21,Shipsy,2015,Gurugram,AI Company,Shipsy's platform enables data driven decision making enhancing visibility and operational efficiency for Supply Chain industry,"Dhruv Agrawal, Himanshu Gupta, Soham Chokshi","DTDC, Udaan Angel Partners","$6,000,000",Series A
22,ERPNext,2008,Mumbai,Tech company,"ERPNext is an Open Source, Online ERP solution which includes Accounting, CRM, Inventory, Purchasing, HR, Support and a lot more.",Rushabh Mehta,Rainmatter,"$1,000,000",
23,LightSpeedAI,2019,Bangalore,Photonics startup,Developer of an optoelectronic processor designed to accelerate AI computations.,"Rohin Y, PV Ramana","YourNest, growX ventures",Undisclosed,
24,Grip Invest,2020,Gurugram,FinTech,Grip is an investment platform that allows retail investors to make small ticket investments in physical assets that earn lease income.,"Nikhil Aggarwal, Vivek Gulati",Gemba Capital,Undisclosed,Pre-series A
25,Unacademy,2015,Bangalore,EdTech,Unacademy is an online learning platform providing educational content such as video lectures and examinations.,"Gaurav Munjal, Hemesh Singh, Roman Saini, Sachin Gupta","Dragoneer Investment Group, Tiger Global Management",Undisclosed,
26,Yellow Classes,2020,Gurugram,EdTech,New-age fun-learning platform for kids.,"Arpit Mittal, Anshul Gupta",India Quotient,"$1,300,000",Pre-series A
27,Plum,2019,Bangalore,HealthTech,High quality health insurance and health benefits,"Abhishek Poddar, Saurabh Arora","Surge, Tanglin Venture Partners","$4,100,000",
28,STAGE,2019,Indore,Entertainment,STAGE is an Indian language content platform for artist-led entertainment.,"Shashank Vaishnav, Vinay Singhal, Parveen Singhal",Venture Catalysts,"$1,000,000",
29,Nykaa,2012,Mumbai,Cosmetics,Nykaa is an online marketplace for different beauty and wellness products.,Falguni Nayar,"Alia Bhatt, Katrina Kaif",Undisclosed,
30,Kaagaz Scanner,2020,,Scanning app,Kaagaz Scanner is the Indian replacement to banned Cam Scanner App.,"Snehanshu Gandhi, Gaurav Shrishrimal",Pravega Ventures,"$575,000",
31,NIRA,2017,Bangalore,FinTech,"NIRA promotes financial inclusion by creating simple, transparent products that empower individuals to live a life of choice and freedom.","Rohit Sen, Nupur Gupta","Techstars Bangalore Accelerator, Techstars","$1,000,000",
32,Prolixr,2018,Gurugram,Skincare startup,A premium skincare brand committed towards building innovative skin care wellness.,"Aditya Sharma, Jayesh Hans","Alfa Ventures, Divij Bajaj",Undisclosed,Seed
33,Byju's,2011,Bangalore,EdTech,BYJU'S is an educational technology company that develops personalized learning programs for K-12 students.,"Byju Raveendran, Divya Gokulnath","Owl Ventures, Tiger Global Management","$200,000,000",
34,DaMENSCH,2018,Bangalore,E-commerce,DaMENSCH is a designer and seller of men's apparel.,"Anurag Saboo, Gaurav Pushkar","Whiteboard Capital, Matrix Partners India","$6,000,000",
35,Country Delight,2015,Haryana,Food and Beverages,Country Delight produces and distributes milk intended to provide good quality and unadulterated milk at doorstep.,"Chakradhar Gade, Nitin Kaushal","Orios Venture Partners, Matrix Partners India","$25,000,000",Series C
36,SignalX,2018,Hyderabad,AI startup,SignalX offers an artificial intelligence-powered SaaS platform,"Govind Balachandran, Zakir Wahab, Piyush Arora","9Unicorns, 3Lines VC, Hyderabad Angels","$800,000",Seed
37,Lancify,2018,Bangalore,EdTech,Lancify is building the world's strongest young workforce,"Gowtham Sundaresan, Azan Barodawala","Techstars, Techstars Bangalore Accelerator","$300,000",
38,Krimanshi,2015,Jodhpur,Biotechnology company,Krimanshi aims to increase rural income by improving the productivity of Indian cattle with better quality feed.,Nikhil Bohra,"Rajasthan Venture Capital Fund, AIM Smart City","$600,000",Seed
39,Instoried,2018,Bangalore,AI startup,Instoried is an augmented writing platform which improves customer interest and engagement.,"Sharmin Ali, Sutanshu Raj","Venture Catalysts, SOSV","$1,000,000",Pre-series A
40,PlayerzPot,2015,Mumbai,Gaming startup,"Favorite fantasy cricket, football & kabaddi leagues online to win daily cash and prizes","Yogesh, Mitesh Gangar",,"$3,000,000",Series A
41,Instamojo,2012,Bangalore,FinTech,"Instamojo is an on-demand payments platform that enables entrepreneurs to build, manage, and grow their business online.","Aditya Sengupta, Akash Gehani, Harshad Sharma, Sampad Swain","BASE, Gunosy Capital",Undisclosed,
42,Turtlemint,2015,Mumbai,Healthtech,Turtlemint has built Indian personalized insurance platform,"Anand Prabhudesai, Dhirendra Mahyavanshi, Kunal Shah","Nexus Venture Partners, Dream Incubator","$30,000,000",
43,Arata,2017,New Delhi,E-commerce,Arata is an e-commerce site for beauty products and cosmetics.,"Dhruv Madhok, Dhruv Bhasin",DSG Consumer Partners,"$1,000,000",Pre-series A
44,MPL,2018,Bangalore,Gaming startup,Mobile Premier League is a skill-based eSports platform used to offer cash prizes while playing games.,"Sai Srinivas Kiran G, Shubham Malhotra","Pegasus Tech Ventures, Base Partners","$5,000,000",
45,True Balance,2014,Gurugram,FinTech,True Balance is a digital wallet that enables users to access utility bill payment and other financial products.,"Cheolwon Lee, Jay Yi, Martin Lee","IBK Capital, SB Partners","$28,000,000",
46,Thrive,2020,Mumbai,FoodTech,"Thrive is all-in-one restaurant ordering suite for table ordering, pickup, and delivery with marketing in-built.","Dhruv Dewan, Krishi Fagwani","Whiteboard Capital, Ahimsa Capital",Undisclosed,Pre-series A
47,Kitchens Centre,2019,New Delhi,Proptech,Kitchens Centre offers turnkey solutions to cloud kitchens.,Lakshay Jain,"Jonathan Swanson, Ankush Gera",Undisclosed,Pre-series A
48,Prescribe,2019,Chennai,Healthtech,Provide online services to patients by leveraging WhatsApp.,Nived Narayanan,Titan Capital,"$100,000",
49,Nepra,2006,Ahmedabad,CleanTech,NEPRA Resource Management provides waste management solutions in India.,Sandeep Patel,"Asha Impact, Aavishkaar Venture Capital","$18,000,000",Series C
50,inFeedo,2013,Gurugram,SaaS startup,"inFeedo is a predictive people analytics company helping 300,000+ employees in 100+ companies make their voice feel heard and valued.",Tanmaya Jain,"Peyush Bansal, Ritesh Malik","$3,200,000",
51,Shilpa Sciences,2014,Bangalore,Healthtech,Shilps Sciences is a healthtech platform that claims to have solved gene editing by accelerating single gene cell applications.,Ashwin Lal,AngelList India,Undisclosed,Pre-series A
52,Arzooo,2016,Bangalore,Tech Startup,"B2B retail tech platform transforming 300,000+ SMEs in electronics space with its flagship ""Go Store"" product","Khushnud Khan, Rishi Raj Rathore","3Lines, Jabbar Internet Group",Undisclosed,
53,MindTickle,2011,Pune,SaaS platform,MindTickle offers the industry's most comprehensive sales readiness solution for closing knowledge and skill gaps in customer-facing teams.,"Deepak Diwakar, Krishna Depura, Mohit Garg, Nishant Mungali","Canaan Partners, NewView Capital","$100,000,000",Debt
54,Krimanshi,2015,Jodhpur,Biotechnology company,Krimanshi aims to increase rural income by improving the productivity of Indian cattle with better quality feed.,Nikhil Bohra,"Rajasthan Venture Capital Fund, AIM Smart City","$600,000",Seed
55,Slice,2016,Bangalore,FinTech,Slice is a card for first-time credit card users. They are inventing the future of finance for young Indians,"Deepak Malhotra, Rajan Bajaj","Better Capital, Gunosy","$5,000,000",Debt
56,Rapawalk,2017,Bangalore,E-commerce,Rapawalk is an online brand that offers a personalized service of creating your own shoes.,"Kashif Mohammad, Aravind Maddireddy","Sanjay Ramakrishnan, Ravi Garikipati","$300,000",Seed
57,Oga Fit's,2017,Bangalore,Fitness startup,The new-age home workout app that gives you an unmatched boutique digital fitness studio experience.,Ashish Rawat,9Unicorns,Undisclosed,Pre-series A
58,LAVAL,2016,Bangalore,Cosmetics,"Laval Cosmetics, affordable makeup for all ages","Shrishti, Prithika",Jazal Group,Undisclosed,Pre-series A
59,Stride Ventures,2019,New Delhi,Venture capitalist,Stride Ventures is a venture capital firm in India which aims to invest in innovative startups across the country.,Ishpreet Gandhi,Small Industries Development Bank of India,"$80,000,000",
60,BlackSoil,2016,Mumbai,FinTech,Blacksoil Advisory is an independent boutique advisory firm.,Ankur Bansal,,"$10,000,000",
61,Biocon,1978,Bangalore,Healthcare,"Biocon is a healthcare and technology, company focused on biotechnology.",Kiran Mazumdar-Shaw,Goldman Sachs,"$15,000,000",
62,Clientjoy,2013,Gujarat,SaaS startup,Client Management Software For Modern Agencies.,"Abhishek Doshi, Anupama Panchal, Shashwat Bhatt, Yash Shah","LetsVenture, Jyotsna Bapat","$800,000",Pre-series A
63,Xpressbees,2015,Pune,E-commerce,Xpressbees is an e-commerce logistics company that provides reliable logistics solutions to its partners.,"Amitava Saha, Supam Maheshwari","Alibaba Group, InnoVen Capital","$100,000,000",
64,GalaxyCard,2017,Gurugram,FinTech,Mobile based Instant credit card. | Easiest way to get a credit card. Get one in 3 minutes,"Amit Kumar, Gunjeet Singh",India Accelerator,Undisclosed,Seed
65,Wellness Forever,2008,Mumbai,HealthTech,Wellness Forever is the one-stop destination for wellness,"Ashraf Biran, Gulshan Bakhtiani, Mohan Chavan","Poonawalla, Allana Group","$100,000,000",
66,MoooFarm,2019,Gurugram,AgriTech,MoooFarm is an information technology company that bridges the technology gap to help marginalized dairy farmers.,"Param Singh, Aashna Singh, Abhijeet Mittal, Jitesh Arora","Navus Ventures, Rockstart","$500,000",Pre-seed
67,BitClass,2020,Bangalore,PaaS startup,BitClass is a PaaS solution which helps teachers set up their independent live classes,"Gunjan Kejriwal, Utsav Tiwary","AET Japan, Figure Eight Investments, Waterbridge Ventures","$2,000,000",Seed
68,Gonuts,2020,Mumbai,Entertainment,Personalised Video shoutouts from favourite celebrity.,"Vinamra Pandiya, Mayank Gupta, Joji George","Sweta Rau, Archana Priyadarshini","$400,000",Seed
69,Uolo,2013,Bangalore,EdTech,Uolo Technology is founded by paranoid parents who want to make a difference to preschool experience.,"Pallav Pandey, Ankur Pandey, Siddharth Singh","Rajul Garg, Purvi Capital","$2,000,000",Seed
70,Kirana King,2014,"Jaipur, Rajastan",Retail,"A revolutionary idea of standardization, digitization & centralization to traditional Grocery system.",Anup Kumar,Rajasthan Venture Capital Fund,"$900,000",Pre-series A
71,Jade Forest,,Delhi,Beverages,"NATURALLY THE BEST From zero artificial ingredients in our drinks to the way they make you feel, we bring you a bespoke range of natural mixers.","Punweet Singh, Shuchir Suri",,"$250,000",Seed
72,iKure,2010,Kolkata,Healthtech,iKure is a social enterprise that delivers primary healthcare and wellness & prevention services to communities in India,Sujay Santra,"Ratan Tata, Inflection Point Ventures, Ankur Mittal",Undisclosed,
73,FrontRow,,Bangalore,EdTech,"Comprehensive courses, taught by idols.","Mikhil Raj, Shubhadit Sharma, Ishaan Preet Singh","Lightspeed, Elevation, Deepika Padukone","$3,200,000",Seed
74,Reliance Retail,2006,Mumbai,E-commerce,Reliance Retail Ventures Limited is a subsidiary company of Reliance Industries Limited.,Mukesh Ambani,"Abu Dhabi Investment Authority, GIC","$10,000,000",
75,TUBBR,2019,"Frisco, Texas, United States",Social Media,World's First Personal Social Network,"Saurabh Uttam, Ravi Singhal",Global Ascent Partners,Undisclosed,
76,Ather Energy,2013,Bangalore,Automobiles,Ather Energy is a manufacturer of electric scooters.,"Arun Vinayak, Swapnil Jain, Tarun Mehta",HeroMotoCorp Ltd and Sachin Bansal,"$35,000,000",Series D
77,Routematic,2007,Bangalore,SaaS startup,Vision is to enable a safer and more comfortable commute to work for employees of India Inc.,"Sriram Kannan, Surajit Das","VAMM Ventures, Naresh Malhotra","$2,000,000",
78,LivFin,2017,New Delhi,FinTech,LivFin is a non-banking financial company registered with the Reserve Bank of India (RBI),Rakesh Malhotra,"DEG, KFW DEG","$4,700,000",
79,Universal Sportsbiz Pvt Ltd,2012,Bangalore,Fashion startup,A fashion startup based in Bengaluru.,Anjana Reddy,"Accel, Alteria Capital",Undisclosed,
80,Lattu Kids,2017,Mumbai,EdTech,Lattu kids is an edutainment platform for preschool kids.,Vivek Bhutyani,Mumbai Angels Network,Undisclosed,
81,Eggoz,2016,Indore,Food & Bevarages,"Eggoz is a brand of fresh and chemical-free eggs, produced in tech-enabled & nutrition-engineered deep integration partnership with farmers.","Abhishek Negi, Aditya Singh, Pankaj Pandey, Uttam Kumar","AVANA Capital, Rebright Partners","$1,500,000",Pre-series A
82,Steradian Semiconductors,2016,Bangalore,Deeptech,Semiconductor company focused on CMOS millimeter wave products for Radar.,"Gireesh Rajendran, Ashish Lachhwani, Apu Sivadas, Rakesh Kumar and Alok Joshi",Endiya Partners.,Undisclosed,
83,CHARGE+ZONE,2018,Gujarat,EV startup,"Charge+Zone provides services in renewable energy solutions, product development, and software engineering company.","Kartikey Hariyani, Pavan Bakeri",Mumbai Angels,"$3,000,000",Pre-series A
84,Stones2milestones,2008,Gurugram,Edtech,Stones2milestones is India (Delhi) Based EdTech Company,"Kavish Gadia, Nikhil Saraf","Menterra Venture Advisors,Emandi Sankara Rao","$2,000,000",Bridge
85,Udacity,2011,California,Edtech,"Udacity develops an online learning platform offering programs in artificial intelligence, machine learning, and robotics sector.","David Stavens, Mike Sokolsky, Sebastian Thrun","Hercules Capital, Inc.Bertelsmann","$75,000,000",Debt
86,AjnaLens,2014,Thane,AR/VR startup,"AjnaLens develops AR/VR wearables primarily for the Defence, Education and enterprise customers.","Abhijit Patil, Abhishek Tomar, Pankaj Raut","Mohsin Hani Al Bahrani, MoD","$1,000,000",Bridge
87,Gully Network,2019,Bangalore,E-commerce,Gully Network is a tech-enabled network of mid-sized grocery stores.,"Ajay Nain, Prateek Chaturvedi","CP Ventures, Orios Venture Partners","$1,200,000",Pre-series A
88,TurboHire,2018,Hyderabad,Recruitment startup,Talent Intelligence Platform for enterprises that helps recruiters discover the right candidates for a job using a Human-like AI,"Abhishek Kabra, Aman Gour","Kia Ora Ventures, Pentathlon Ventures","$1,000,000",Seed
89,Traya,,Mumbai,HealthTech,work with our customers closely to get their hair health sorted for long-term effective results,"Altaf Saiyed, Saloni Anand","Kae Capital, Whiteboard Capital",Undisclosed,Seed
90,Charcoal Eats,2015,Mumbai,QSR startup,"In the last five years, have served over 1.5 million orders and enjoy high customer satisfaction.","Anurag Mehrotra, Krishnakant Thakur, Mohammed Bhol, Gautam Singh",Lokmat Investments,"$2,000,000",
91,Mitron TV,2020,Bangalore,Video platform,Mitron is a free short videoplatform for next generation,"Shivank Agarwal, Anish Khandelwal",9Unicorns,Undisclosed,
92,Svami,2016,Mumbai,Food & Bevarages,Svami is the result of three seasoned drinkers extending their love for libations to the larger world of drinks.,Sahil Jatana,"Niren Shah, Rukam Capital Trust","$800,000",
93,Dhurnia,2018,"Dhingsara, Haryana",Edtech,Developer of an online learning platform intended for various competitive exam preparations.,"Ajay Kumar, Murari Singh","Chandigarh Angels Network, Modulor Capital","$100,000",
94,Expertrons,2019,Mumbai,Edtech,Expertrons is an AI video bot platform created to help students and professionals prepare for interviews.,Jatin Solanki,"Rohit Chanana, Sukanta Ganguly",Undisclosed,
95,Leena AI,2015,"New York, United States",AI startup,Leena AI offers a human resource management platform that transforms employee experience with conversational AI.,"Adit Jain, Anand Prajapati, Mayank Goyal","Alan Patricof, Jim Moffatt","$8,000,000",
96,Bizlog,2016,Bangalore,Logistics,Bizlog Value Chain enables re-commerce and circular economy through unique REVERSE LOGISTICS engine.,"HS Srinivasan, Krishnan Rajan, E.V. Shunmugam",IAN Fund,"$1,000,000",
97,Tamasha.live,2020,Mumbai,Gaming,"Tamasha offers a platform for influencers to host live, video based, real money contests and games.","Saurabh Gupta, Siddharth Swarnkar","9Unicorns, Titan Capital, FirstCheque","$300,000",
98,Fedo,2017,Bangalore,AI startup,Artificial Intelligence based Credit Score for Health,"Arun Mallavarapu, Prasanth Madavana",AIM Smart City,"$1,000,000",
99,FabHotels,2015,Gurugram,Hospitality,Fabhotels is the online aggregator for hotel rooms. It aims to provide standardized services at economical budgets.,"Adarsh Manpuria, Vaibhav Aggarwal","RB Investments Pte. Ltd, Goldman Sachs","$1,000,000",
